/**
  ******************************************************************************
  * @file    font16.h
  * @brief   16x16 点阵字库（由 tools/gen_font.py 自动生成，请勿手工修改）
  *
  * 生成字体: /usr/share/fonts/opentype/noto/NotoSansCJK-Regular.ttc
  *
  * 字模格式:
  *   · 每字模 16 行，每行 2 字节，共 32 字节，MSB 对应最左像素
  *   · ASCII 0x20~0x7E 共 95 个：宽 8 像素，每行 2 字节，共 32 字节
  *   · 汉字共 498 个：用满 16 位，绘制步进 16
  ******************************************************************************
  */

#ifndef __FONT16_H
#define __FONT16_H

#include <stdint.h>

#define FONT_ASCII_FIRST    0x20u
#define FONT_ASCII_LAST     0x7Eu
#define FONT_ASCII_COUNT    95u
#define FONT_CJK_COUNT      498u
#define FONT_CELL           16u
#define FONT_ASC_WIDTH      8u
#define FONT_ROWS           2u
#define FONT_GLYPH_BYTES    32u
#define FONT_ASC_BYTES      32u
#define FONT_ASC_ROWBYTES   2u
#define FONT_CJK_BASE       0u

/* 取字模的统一切入口：消费端不要自己算字节偏移，
   这样 ASCII 压缩与否对上层是透明的。 */
#define FONT_ASC_GLYPH(n)   (&g_font_data[(uint32_t)(n) * FONT_ASC_BYTES])
#define FONT_CJK_GLYPH(i)   (&g_font_data[FONT_CJK_BASE + (uint32_t)(i) * FONT_GLYPH_BYTES])

/** 汉字 -> 字模下标 映射项 */
typedef struct
{
    uint32_t    codepoint;   /* Unicode 码点 */
    uint16_t    index;       /* 字模数组下标 */
} font_map_t;

/** 全部字模（ASCII 在前，汉字在后，每字 FONT_GLYPH_BYTES 字节） */
static const unsigned char g_font_data[] = {
    0x00, 0x00, 0x00, 0x00, 0x00, 0x00, 0x00, 0x00, 0x00, 0x00, 0x00, 0x00,
    0x00, 0x00, 0x00, 0x00, 0x00, 0x00, 0x00, 0x00, 0x00, 0x00, 0x00, 0x00,
    0x00, 0x00, 0x00, 0x00, 0x00, 0x00, 0x00, 0x00, 0xC0, 0x00, 0xC0, 0x00,
    0xC0, 0x00, 0xC0, 0x00, 0xC0, 0x00, 0xC0, 0x00, 0x00, 0x00, 0xC0, 0x00,
    0xC0, 0x00, 0x00, 0x00, 0x00, 0x00, 0x00, 0x00, 0x00, 0x00, 0x00, 0x00,
    0x00, 0x00, 0x00, 0x00, 0xB0, 0x00, 0xB0, 0x00, 0xB0, 0x00, 0xB0, 0x00,
    0x00, 0x00, 0x00, 0x00, 0x00, 0x00, 0x00, 0x00, 0x00, 0x00, 0x00, 0x00,
    0x00, 0x00, 0x00, 0x00, 0x00, 0x00, 0x00, 0x00, 0x00, 0x00, 0x00, 0x00,
    0x12, 0x00, 0x16, 0x00, 0x14, 0x00, 0x7F, 0x00, 0x24, 0x00, 0x2C, 0x00,
    0xFE, 0x00, 0x68, 0x00, 0x48, 0x00, 0x48, 0x00, 0x00, 0x00, 0x00, 0x00,
    0x00, 0x00, 0x00, 0x00, 0x00, 0x00, 0x00, 0x00, 0x10, 0x00, 0x78, 0x00,
    0xD4, 0x00, 0xD0, 0x00, 0x70, 0x00, 0x3C, 0x00, 0x14, 0x00, 0x9C, 0x00,
    0x78, 0x00, 0x10, 0x00, 0x10, 0x00, 0x00, 0x00, 0x00, 0x00, 0x00, 0x00,
    0x00, 0x00, 0x00, 0x00, 0x70, 0x00, 0x90, 0x00, 0x90, 0x00, 0x76, 0x00,
    0x18, 0x00, 0x6E, 0x00, 0x0B, 0x00, 0x0B, 0x00, 0x0E, 0x00, 0x00, 0x00,
    0x00, 0x00, 0x00, 0x00, 0x00, 0x00, 0x00, 0x00, 0x00, 0x00, 0x00, 0x00,
    0x3C, 0x00, 0x60, 0x00, 0x20, 0x00, 0x30, 0x00, 0x5B, 0x00, 0xCB, 0x00,
    0xC6, 0x00, 0x46, 0x00, 0x3B, 0x00, 0x00, 0x00, 0x00, 0x00, 0x00, 0x00,
    0x00, 0x00, 0x00, 0x00, 0x00, 0x00, 0x00, 0x00, 0xC0, 0x00, 0xC0, 0x00,
    0xC0, 0x00, 0xC0, 0x00, 0x00, 0x00, 0x00, 0x00, 0x00, 0x00, 0x00, 0x00,
    0x00, 0x00, 0x00, 0x00, 0x00, 0x00, 0x00, 0x00, 0x00, 0x00, 0x00, 0x00,
    0x00, 0x00, 0x00, 0x00, 0x20, 0x00, 0x20, 0x00, 0x60, 0x00, 0x40, 0x00,
    0x40, 0x00, 0x40, 0x00, 0x40, 0x00, 0x40, 0x00, 0x40, 0x00, 0x60, 0x00,
    0x20, 0x00, 0x20, 0x00, 0x00, 0x00, 0x00, 0x00, 0x00, 0x00, 0x00, 0x00,
    0xC0, 0x00, 0x40, 0x00, 0x60, 0x00, 0x60, 0x00, 0x20, 0x00, 0x20, 0x00,
    0x20, 0x00, 0x20, 0x00, 0x60, 0x00, 0x60, 0x00, 0x40, 0x00, 0xC0, 0x00,
    0x00, 0x00, 0x00, 0x00, 0x00, 0x00, 0x00, 0x00, 0x20, 0x00, 0xAC, 0x00,
    0x78, 0x00, 0x78, 0x00, 0xAC, 0x00, 0x20, 0x00, 0x00, 0x00, 0x00, 0x00,
    0x00, 0x00, 0x00, 0x00, 0x00, 0x00, 0x00, 0x00, 0x00, 0x00, 0x00, 0x00,
    0x00, 0x00, 0x00, 0x00, 0x00, 0x00, 0x18, 0x00, 0x18, 0x00, 0x18, 0x00,
    0xFE, 0x00, 0x18, 0x00, 0x18, 0x00, 0x18, 0x00, 0x00, 0x00, 0x00, 0x00,
    0x00, 0x00, 0x00, 0x00, 0x00, 0x00, 0x00, 0x00, 0x00, 0x00, 0x00, 0x00,
    0x00, 0x00, 0x00, 0x00, 0x00, 0x00, 0x00, 0x00, 0x00, 0x00, 0x00, 0x00,
    0x00, 0x00, 0x60, 0x00, 0x60, 0x00, 0x40, 0x00, 0x40, 0x00, 0x00, 0x00,
    0x00, 0x00, 0x00, 0x00, 0x00, 0x00, 0x00, 0x00, 0x00, 0x00, 0x00, 0x00,
    0x00, 0x00, 0x00, 0x00, 0x00, 0x00, 0xF0, 0x00, 0x00, 0x00, 0x00, 0x00,
    0x00, 0x00, 0x00, 0x00, 0x00, 0x00, 0x00, 0x00, 0x00, 0x00, 0x00, 0x00,
    0x00, 0x00, 0x00, 0x00, 0x00, 0x00, 0x00, 0x00, 0x00, 0x00, 0x00, 0x00,
    0x00, 0x00, 0x00, 0x00, 0x00, 0x00, 0xC0, 0x00, 0xC0, 0x00, 0x00, 0x00,
    0x00, 0x00, 0x00, 0x00, 0x00, 0x00, 0x00, 0x00, 0x00, 0x00, 0x00, 0x00,
    0x06, 0x00, 0x04, 0x00, 0x0C, 0x00, 0x08, 0x00, 0x18, 0x00, 0x10, 0x00,
    0x10, 0x00, 0x30, 0x00, 0x20, 0x00, 0x60, 0x00, 0x40, 0x00, 0x00, 0x00,
    0x00, 0x00, 0x00, 0x00, 0x00, 0x00, 0x00, 0x00, 0x3C, 0x00, 0x64, 0x00,
    0x46, 0x00, 0x42, 0x00, 0x5A, 0x00, 0x42, 0x00, 0x46, 0x00, 0x64, 0x00,
    0x3C, 0x00, 0x00, 0x00, 0x00, 0x00, 0x00, 0x00, 0x00, 0x00, 0x00, 0x00,
    0x00, 0x00, 0x00, 0x00, 0xF0, 0x00, 0x10, 0x00, 0x10, 0x00, 0x10, 0x00,
    0x10, 0x00, 0x10, 0x00, 0x10, 0x00, 0x10, 0x00, 0x7C, 0x00, 0x00, 0x00,
    0x00, 0x00, 0x00, 0x00, 0x00, 0x00, 0x00, 0x00, 0x00, 0x00, 0x00, 0x00,
    0x3C, 0x00, 0x44, 0x00, 0x06, 0x00, 0x06, 0x00, 0x0C, 0x00, 0x18, 0x00,
    0x30, 0x00, 0x60, 0x00, 0x7E, 0x00, 0x00, 0x00, 0x00, 0x00, 0x00, 0x00,
    0x00, 0x00, 0x00, 0x00, 0x00, 0x00, 0x00, 0x00, 0x3C, 0x00, 0x44, 0x00,
    0x06, 0x00, 0x04, 0x00, 0x3C, 0x00, 0x06, 0x00, 0x06, 0x00, 0x46, 0x00,
    0x3C, 0x00, 0x00, 0x00, 0x00, 0x00, 0x00, 0x00, 0x00, 0x00, 0x00, 0x00,
    0x00, 0x00, 0x00, 0x00, 0x0C, 0x00, 0x1C, 0x00, 0x14, 0x00, 0x24, 0x00,
    0x64, 0x00, 0x44, 0x00, 0x7E, 0x00, 0x04, 0x00, 0x04, 0x00, 0x00, 0x00,
    0x00, 0x00, 0x00, 0x00, 0x00, 0x00, 0x00, 0x00, 0x00, 0x00, 0x00, 0x00,
    0x7C, 0x00, 0x60, 0x00, 0x60, 0x00, 0x7C, 0x00, 0x04, 0x00, 0x06, 0x00,
    0x06, 0x00, 0x44, 0x00, 0x7C, 0x00, 0x00, 0x00, 0x00, 0x00, 0x00, 0x00,
    0x00, 0x00, 0x00, 0x00, 0x00, 0x00, 0x00, 0x00, 0x3C, 0x00, 0x60, 0x00,
    0x40, 0x00, 0x7C, 0x00, 0x66, 0x00, 0x42, 0x00, 0x42, 0x00, 0x66, 0x00,
    0x3C, 0x00, 0x00, 0x00, 0x00, 0x00, 0x00, 0x00, 0x00, 0x00, 0x00, 0x00,
    0x00, 0x00, 0x00, 0x00, 0x7E, 0x00, 0x06, 0x00, 0x04, 0x00, 0x0C, 0x00,
    0x08, 0x00, 0x18, 0x00, 0x18, 0x00, 0x10, 0x00, 0x30, 0x00, 0x00, 0x00,
    0x00, 0x00, 0x00, 0x00, 0x00, 0x00, 0x00, 0x00, 0x00, 0x00, 0x00, 0x00,
    0x3C, 0x00, 0x66, 0x00, 0x46, 0x00, 0x66, 0x00, 0x3C, 0x00, 0x66, 0x00,
    0x42, 0x00, 0x66, 0x00, 0x3C, 0x00, 0x00, 0x00, 0x00, 0x00, 0x00, 0x00,
    0x00, 0x00, 0x00, 0x00, 0x00, 0x00, 0x00, 0x00, 0x3C, 0x00, 0x64, 0x00,
    0x46, 0x00, 0x46, 0x00, 0x66, 0x00, 0x3E, 0x00, 0x06, 0x00, 0x04, 0x00,
    0x38, 0x00, 0x00, 0x00, 0x00, 0x00, 0x00, 0x00, 0x00, 0x00, 0x00, 0x00,
    0x00, 0x00, 0x00, 0x00, 0x00, 0x00, 0x00, 0x00, 0xC0, 0x00, 0xC0, 0x00,
    0x00, 0x00, 0x00, 0x00, 0x00, 0x00, 0xC0, 0x00, 0xC0, 0x00, 0x00, 0x00,
    0x00, 0x00, 0x00, 0x00, 0x00, 0x00, 0x00, 0x00, 0x00, 0x00, 0x00, 0x00,
    0x00, 0x00, 0x00, 0x00, 0x60, 0x00, 0x60, 0x00, 0x00, 0x00, 0x00, 0x00,
    0x00, 0x00, 0x60, 0x00, 0x60, 0x00, 0x40, 0x00, 0x40, 0x00, 0x00, 0x00,
    0x00, 0x00, 0x00, 0x00, 0x00, 0x00, 0x00, 0x00, 0x00, 0x00, 0x00, 0x00,
    0x02, 0x00, 0x1C, 0x00, 0x70, 0x00, 0x70, 0x00, 0x1C, 0x00, 0x02, 0x00,
    0x00, 0x00, 0x00, 0x00, 0x00, 0x00, 0x00, 0x00, 0x00, 0x00, 0x00, 0x00,
    0x00, 0x00, 0x00, 0x00, 0x00, 0x00, 0x00, 0x00, 0x00, 0x00, 0xFE, 0x00,
    0x00, 0x00, 0x00, 0x00, 0xFE, 0x00, 0x00, 0x00, 0x00, 0x00, 0x00, 0x00,
    0x00, 0x00, 0x00, 0x00, 0x00, 0x00, 0x00, 0x00, 0x00, 0x00, 0x00, 0x00,
    0x00, 0x00, 0x00, 0x00, 0xC0, 0x00, 0x78, 0x00, 0x0E, 0x00, 0x0E, 0x00,
    0x78, 0x00, 0xC0, 0x00, 0x00, 0x00, 0x00, 0x00, 0x00, 0x00, 0x00, 0x00,
    0x00, 0x00, 0x00, 0x00, 0x00, 0x00, 0x00, 0x00, 0x78, 0x00, 0x4C, 0x00,
    0x0C, 0x00, 0x18, 0x00, 0x30, 0x00, 0x20, 0x00, 0x00, 0x00, 0x20, 0x00,
    0x20, 0x00, 0x00, 0x00, 0x00, 0x00, 0x00, 0x00, 0x00, 0x00, 0x00, 0x00,
    0x00, 0x00, 0x00, 0x00, 0x3C, 0x00, 0x62, 0x00, 0x42, 0x00, 0xDF, 0x00,
    0x93, 0x00, 0x93, 0x00, 0x93, 0x00, 0xDF, 0x00, 0x40, 0x00, 0x60, 0x00,
    0x1C, 0x00, 0x00, 0x00, 0x00, 0x00, 0x00, 0x00, 0x00, 0x00, 0x00, 0x00,
    0x18, 0x00, 0x18, 0x00, 0x3C, 0x00, 0x2C, 0x00, 0x24, 0x00, 0x66, 0x00,
    0x7E, 0x00, 0x42, 0x00, 0xC3, 0x00, 0x00, 0x00, 0x00, 0x00, 0x00, 0x00,
    0x00, 0x00, 0x00, 0x00, 0x00, 0x00, 0x00, 0x00, 0xF8, 0x00, 0x8C, 0x00,
    0x8C, 0x00, 0x8C, 0x00, 0xF8, 0x00, 0x8C, 0x00, 0x84, 0x00, 0x8C, 0x00,
    0xF8, 0x00, 0x00, 0x00, 0x00, 0x00, 0x00, 0x00, 0x00, 0x00, 0x00, 0x00,
    0x00, 0x00, 0x00, 0x00, 0x1C, 0x00, 0x22, 0x00, 0x60, 0x00, 0x40, 0x00,
    0x40, 0x00, 0x40, 0x00, 0x60, 0x00, 0x22, 0x00, 0x1C, 0x00, 0x00, 0x00,
    0x00, 0x00, 0x00, 0x00, 0x00, 0x00, 0x00, 0x00, 0x00, 0x00, 0x00, 0x00,
    0x78, 0x00, 0x4C, 0x00, 0x46, 0x00, 0x46, 0x00, 0x42, 0x00, 0x46, 0x00,
    0x46, 0x00, 0x4C, 0x00, 0x78, 0x00, 0x00, 0x00, 0x00, 0x00, 0x00, 0x00,
    0x00, 0x00, 0x00, 0x00, 0x00, 0x00, 0x00, 0x00, 0xFC, 0x00, 0xC0, 0x00,
    0xC0, 0x00, 0xC0, 0x00, 0xFC, 0x00, 0xC0, 0x00, 0xC0, 0x00, 0xC0, 0x00,
    0xFC, 0x00, 0x00, 0x00, 0x00, 0x00, 0x00, 0x00, 0x00, 0x00, 0x00, 0x00,
    0x00, 0x00, 0x00, 0x00, 0xFC, 0x00, 0xC0, 0x00, 0xC0, 0x00, 0xC0, 0x00,
    0xFC, 0x00, 0xC0, 0x00, 0xC0, 0x00, 0xC0, 0x00, 0xC0, 0x00, 0x00, 0x00,
    0x00, 0x00, 0x00, 0x00, 0x00, 0x00, 0x00, 0x00, 0x00, 0x00, 0x00, 0x00,
    0x3C, 0x00, 0x62, 0x00, 0x40, 0x00, 0x40, 0x00, 0x4E, 0x00, 0x42, 0x00,
    0x42, 0x00, 0x62, 0x00, 0x3C, 0x00, 0x00, 0x00, 0x00, 0x00, 0x00, 0x00,
    0x00, 0x00, 0x00, 0x00, 0x00, 0x00, 0x00, 0x00, 0x42, 0x00, 0x42, 0x00,
    0x42, 0x00, 0x42, 0x00, 0x7E, 0x00, 0x42, 0x00, 0x42, 0x00, 0x42, 0x00,
    0x42, 0x00, 0x00, 0x00, 0x00, 0x00, 0x00, 0x00, 0x00, 0x00, 0x00, 0x00,
    0x00, 0x00, 0x00, 0x00, 0xFC, 0x00, 0x30, 0x00, 0x30, 0x00, 0x30, 0x00,
    0x30, 0x00, 0x30, 0x00, 0x30, 0x00, 0x30, 0x00, 0xFC, 0x00, 0x00, 0x00,
    0x00, 0x00, 0x00, 0x00, 0x00, 0x00, 0x00, 0x00, 0x00, 0x00, 0x00, 0x00,
    0x3C, 0x00, 0x04, 0x00, 0x04, 0x00, 0x04, 0x00, 0x04, 0x00, 0x04, 0x00,
    0x04, 0x00, 0x4C, 0x00, 0x78, 0x00, 0x00, 0x00, 0x00, 0x00, 0x00, 0x00,
    0x00, 0x00, 0x00, 0x00, 0x00, 0x00, 0x00, 0x00, 0x42, 0x00, 0x44, 0x00,
    0x48, 0x00, 0x70, 0x00, 0x78, 0x00, 0x48, 0x00, 0x4C, 0x00, 0x46, 0x00,
    0x43, 0x00, 0x00, 0x00, 0x00, 0x00, 0x00, 0x00, 0x00, 0x00, 0x00, 0x00,
    0x00, 0x00, 0x00, 0x00, 0xC0, 0x00, 0xC0, 0x00, 0xC0, 0x00, 0xC0, 0x00,
    0xC0, 0x00, 0xC0, 0x00, 0xC0, 0x00, 0xC0, 0x00, 0xFC, 0x00, 0x00, 0x00,
    0x00, 0x00, 0x00, 0x00, 0x00, 0x00, 0x00, 0x00, 0x00, 0x00, 0x00, 0x00,
    0xE6, 0x00, 0xE6, 0x00, 0xE6, 0x00, 0xFA, 0x00, 0xDA, 0x00, 0xDA, 0x00,
    0xC2, 0x00, 0xC2, 0x00, 0xC2, 0x00, 0x00, 0x00, 0x00, 0x00, 0x00, 0x00,
    0x00, 0x00, 0x00, 0x00, 0x00, 0x00, 0x00, 0x00, 0x62, 0x00, 0x62, 0x00,
    0x72, 0x00, 0x52, 0x00, 0x5A, 0x00, 0x4A, 0x00, 0x4E, 0x00, 0x46, 0x00,
    0x46, 0x00, 0x00, 0x00, 0x00, 0x00, 0x00, 0x00, 0x00, 0x00, 0x00, 0x00,
    0x00, 0x00, 0x00, 0x00, 0x3C, 0x00, 0x66, 0x00, 0x46, 0x00, 0x42, 0x00,
    0x42, 0x00, 0x42, 0x00, 0x46, 0x00, 0x66, 0x00, 0x3C, 0x00, 0x00, 0x00,
    0x00, 0x00, 0x00, 0x00, 0x00, 0x00, 0x00, 0x00, 0x00, 0x00, 0x00, 0x00,
    0xF8, 0x00, 0xCC, 0x00, 0xC4, 0x00, 0xC4, 0x00, 0xCC, 0x00, 0xF8, 0x00,
    0xC0, 0x00, 0xC0, 0x00, 0xC0, 0x00, 0x00, 0x00, 0x00, 0x00, 0x00, 0x00,
    0x00, 0x00, 0x00, 0x00, 0x00, 0x00, 0x00, 0x00, 0x3C, 0x00, 0x66, 0x00,
    0x46, 0x00, 0x42, 0x00, 0x42, 0x00, 0x42, 0x00, 0x46, 0x00, 0x66, 0x00,
    0x3C, 0x00, 0x0C, 0x00, 0x04, 0x00, 0x00, 0x00, 0x00, 0x00, 0x00, 0x00,
    0x00, 0x00, 0x00, 0x00, 0x7C, 0x00, 0x46, 0x00, 0x46, 0x00, 0x46, 0x00,
    0x7C, 0x00, 0x4C, 0x00, 0x46, 0x00, 0x42, 0x00, 0x43, 0x00, 0x00, 0x00,
    0x00, 0x00, 0x00, 0x00, 0x00, 0x00, 0x00, 0x00, 0x00, 0x00, 0x00, 0x00,
    0x3C, 0x00, 0x64, 0x00, 0x40, 0x00, 0x60, 0x00, 0x3C, 0x00, 0x06, 0x00,
    0x02, 0x00, 0x46, 0x00, 0x3C, 0x00, 0x00, 0x00, 0x00, 0x00, 0x00, 0x00,
    0x00, 0x00, 0x00, 0x00, 0x00, 0x00, 0x00, 0x00, 0xFF, 0x00, 0x18, 0x00,
    0x18, 0x00, 0x18, 0x00, 0x18, 0x00, 0x18, 0x00, 0x18, 0x00, 0x18, 0x00,
    0x18, 0x00, 0x00, 0x00, 0x00, 0x00, 0x00, 0x00, 0x00, 0x00, 0x00, 0x00,
    0x00, 0x00, 0x00, 0x00, 0x46, 0x00, 0x46, 0x00, 0x46, 0x00, 0x46, 0x00,
    0x46, 0x00, 0x46, 0x00, 0x46, 0x00, 0x66, 0x00, 0x3C, 0x00, 0x00, 0x00,
    0x00, 0x00, 0x00, 0x00, 0x00, 0x00, 0x00, 0x00, 0x00, 0x00, 0x00, 0x00,
    0xC2, 0x00, 0x42, 0x00, 0x46, 0x00, 0x64, 0x00, 0x24, 0x00, 0x2C, 0x00,
    0x3C, 0x00, 0x18, 0x00, 0x18, 0x00, 0x00, 0x00, 0x00, 0x00, 0x00, 0x00,
    0x00, 0x00, 0x00, 0x00, 0x00, 0x00, 0x00, 0x00, 0x83, 0x00, 0xC3, 0x00,
    0xC3, 0x00, 0xDA, 0x00, 0x5A, 0x00, 0x5A, 0x00, 0x6E, 0x00, 0x66, 0x00,
    0x66, 0x00, 0x00, 0x00, 0x00, 0x00, 0x00, 0x00, 0x00, 0x00, 0x00, 0x00,
    0x00, 0x00, 0x00, 0x00, 0x42, 0x00, 0x66, 0x00, 0x3C, 0x00, 0x18, 0x00,
    0x18, 0x00, 0x3C, 0x00, 0x24, 0x00, 0x66, 0x00, 0xC2, 0x00, 0x00, 0x00,
    0x00, 0x00, 0x00, 0x00, 0x00, 0x00, 0x00, 0x00, 0x00, 0x00, 0x00, 0x00,
    0xC2, 0x00, 0x66, 0x00, 0x24, 0x00, 0x3C, 0x00, 0x18, 0x00, 0x18, 0x00,
    0x18, 0x00, 0x18, 0x00, 0x18, 0x00, 0x00, 0x00, 0x00, 0x00, 0x00, 0x00,
    0x00, 0x00, 0x00, 0x00, 0x00, 0x00, 0x00, 0x00, 0x7E, 0x00, 0x06, 0x00,
    0x04, 0x00, 0x0C, 0x00, 0x18, 0x00, 0x10, 0x00, 0x20, 0x00, 0x60, 0x00,
    0x7F, 0x00, 0x00, 0x00, 0x00, 0x00, 0x00, 0x00, 0x00, 0x00, 0x00, 0x00,
    0x00, 0x00, 0x00, 0x00, 0x70, 0x00, 0x40, 0x00, 0x40, 0x00, 0x40, 0x00,
    0x40, 0x00, 0x40, 0x00, 0x40, 0x00, 0x40, 0x00, 0x40, 0x00, 0x40, 0x00,
    0x40, 0x00, 0x70, 0x00, 0x00, 0x00, 0x00, 0x00, 0x00, 0x00, 0x00, 0x00,
    0x40, 0x00, 0x60, 0x00, 0x20, 0x00, 0x30, 0x00, 0x10, 0x00, 0x10, 0x00,
    0x18, 0x00, 0x08, 0x00, 0x0C, 0x00, 0x04, 0x00, 0x06, 0x00, 0x00, 0x00,
    0x00, 0x00, 0x00, 0x00, 0x00, 0x00, 0x00, 0x00, 0xE0, 0x00, 0x20, 0x00,
    0x20, 0x00, 0x20, 0x00, 0x20, 0x00, 0x20, 0x00, 0x20, 0x00, 0x20, 0x00,
    0x20, 0x00, 0x20, 0x00, 0x20, 0x00, 0xE0, 0x00, 0x00, 0x00, 0x00, 0x00,
    0x00, 0x00, 0x00, 0x00, 0x18, 0x00, 0x3C, 0x00, 0x64, 0x00, 0x42, 0x00,
    0x00, 0x00, 0x00, 0x00, 0x00, 0x00, 0x00, 0x00, 0x00, 0x00, 0x00, 0x00,
    0x00, 0x00, 0x00, 0x00, 0x00, 0x00, 0x00, 0x00, 0x00, 0x00, 0x00, 0x00,
    0x00, 0x00, 0x00, 0x00, 0x00, 0x00, 0x00, 0x00, 0x00, 0x00, 0x00, 0x00,
    0x00, 0x00, 0x00, 0x00, 0x00, 0x00, 0x00, 0x00, 0x00, 0x00, 0xFF, 0x00,
    0x00, 0x00, 0x00, 0x00, 0x00, 0x00, 0x00, 0x00, 0x60, 0x00, 0x20, 0x00,
    0x00, 0x00, 0x00, 0x00, 0x00, 0x00, 0x00, 0x00, 0x00, 0x00, 0x00, 0x00,
    0x00, 0x00, 0x00, 0x00, 0x00, 0x00, 0x00, 0x00, 0x00, 0x00, 0x00, 0x00,
    0x00, 0x00, 0x00, 0x00, 0x00, 0x00, 0x00, 0x00, 0x3C, 0x00, 0x46, 0x00,
    0x06, 0x00, 0x3E, 0x00, 0x46, 0x00, 0x46, 0x00, 0x7E, 0x00, 0x00, 0x00,
    0x00, 0x00, 0x00, 0x00, 0x00, 0x00, 0x00, 0x00, 0x00, 0x00, 0x00, 0x00,
    0xC0, 0x00, 0xC0, 0x00, 0xC0, 0x00, 0xC0, 0x00, 0xF8, 0x00, 0xCC, 0x00,
    0xC4, 0x00, 0xC4, 0x00, 0xC4, 0x00, 0xCC, 0x00, 0xF8, 0x00, 0x00, 0x00,
    0x00, 0x00, 0x00, 0x00, 0x00, 0x00, 0x00, 0x00, 0x00, 0x00, 0x00, 0x00,
    0x38, 0x00, 0x44, 0x00, 0xC0, 0x00, 0xC0, 0x00, 0xC0, 0x00, 0x44, 0x00,
    0x38, 0x00, 0x00, 0x00, 0x00, 0x00, 0x00, 0x00, 0x00, 0x00, 0x00, 0x00,
    0x00, 0x00, 0x00, 0x00, 0x06, 0x00, 0x06, 0x00, 0x06, 0x00, 0x06, 0x00,
    0x3E, 0x00, 0x66, 0x00, 0x46, 0x00, 0x46, 0x00, 0x46, 0x00, 0x66, 0x00,
    0x3E, 0x00, 0x00, 0x00, 0x00, 0x00, 0x00, 0x00, 0x00, 0x00, 0x00, 0x00,
    0x00, 0x00, 0x00, 0x00, 0x3C, 0x00, 0x66, 0x00, 0x42, 0x00, 0x7E, 0x00,
    0x40, 0x00, 0x62, 0x00, 0x3C, 0x00, 0x00, 0x00, 0x00, 0x00, 0x00, 0x00,
    0x00, 0x00, 0x00, 0x00, 0x00, 0x00, 0x00, 0x00, 0x1C, 0x00, 0x30, 0x00,
    0x20, 0x00, 0x20, 0x00, 0xFC, 0x00, 0x20, 0x00, 0x20, 0x00, 0x20, 0x00,
    0x20, 0x00, 0x20, 0x00, 0x20, 0x00, 0x00, 0x00, 0x00, 0x00, 0x00, 0x00,
    0x00, 0x00, 0x00, 0x00, 0x00, 0x00, 0x00, 0x00, 0x3E, 0x00, 0x66, 0x00,
    0x46, 0x00, 0x46, 0x00, 0x46, 0x00, 0x66, 0x00, 0x3E, 0x00, 0x06, 0x00,
    0x04, 0x00, 0x38, 0x00, 0x00, 0x00, 0x00, 0x00, 0x00, 0x00, 0x00, 0x00,
    0xC0, 0x00, 0xC0, 0x00, 0xC0, 0x00, 0xC0, 0x00, 0xF8, 0x00, 0xCC, 0x00,
    0xCC, 0x00, 0xCC, 0x00, 0xCC, 0x00, 0xCC, 0x00, 0xCC, 0x00, 0x00, 0x00,
    0x00, 0x00, 0x00, 0x00, 0x00, 0x00, 0x00, 0x00, 0x30, 0x00, 0x00, 0x00,
    0x00, 0x00, 0x00, 0x00, 0x70, 0x00, 0x30, 0x00, 0x30, 0x00, 0x30, 0x00,
    0x30, 0x00, 0x30, 0x00, 0xFC, 0x00, 0x00, 0x00, 0x00, 0x00, 0x00, 0x00,
    0x00, 0x00, 0x00, 0x00, 0x10, 0x00, 0x00, 0x00, 0x00, 0x00, 0x00, 0x00,
    0x70, 0x00, 0x10, 0x00, 0x10, 0x00, 0x10, 0x00, 0x10, 0x00, 0x10, 0x00,
    0x10, 0x00, 0x10, 0x00, 0x30, 0x00, 0xE0, 0x00, 0x00, 0x00, 0x00, 0x00,
    0xC0, 0x00, 0xC0, 0x00, 0xC0, 0x00, 0xC0, 0x00, 0xCC, 0x00, 0xD8, 0x00,
    0xF0, 0x00, 0xF0, 0x00, 0xD8, 0x00, 0xCC, 0x00, 0xC4, 0x00, 0x00, 0x00,
    0x00, 0x00, 0x00, 0x00, 0x00, 0x00, 0x00, 0x00, 0xE0, 0x00, 0x20, 0x00,
    0x20, 0x00, 0x20, 0x00, 0x20, 0x00, 0x20, 0x00, 0x20, 0x00, 0x20, 0x00,
    0x20, 0x00, 0x30, 0x00, 0x1C, 0x00, 0x00, 0x00, 0x00, 0x00, 0x00, 0x00,
    0x00, 0x00, 0x00, 0x00, 0x00, 0x00, 0x00, 0x00, 0x7E, 0x00, 0x5A, 0x00,
    0x5A, 0x00, 0x5A, 0x00, 0x5A, 0x00, 0x5A, 0x00, 0x5A, 0x00, 0x00, 0x00,
    0x00, 0x00, 0x00, 0x00, 0x00, 0x00, 0x00, 0x00, 0x00, 0x00, 0x00, 0x00,
    0x00, 0x00, 0x00, 0x00, 0xF8, 0x00, 0xCC, 0x00, 0xCC, 0x00, 0xCC, 0x00,
    0xCC, 0x00, 0xCC, 0x00, 0xCC, 0x00, 0x00, 0x00, 0x00, 0x00, 0x00, 0x00,
    0x00, 0x00, 0x00, 0x00, 0x00, 0x00, 0x00, 0x00, 0x00, 0x00, 0x00, 0x00,
    0x3C, 0x00, 0x66, 0x00, 0x46, 0x00, 0x42, 0x00, 0x46, 0x00, 0x66, 0x00,
    0x3C, 0x00, 0x00, 0x00, 0x00, 0x00, 0x00, 0x00, 0x00, 0x00, 0x00, 0x00,
    0x00, 0x00, 0x00, 0x00, 0x00, 0x00, 0x00, 0x00, 0xF8, 0x00, 0xCC, 0x00,
    0xC4, 0x00, 0xC4, 0x00, 0xC4, 0x00, 0xCC, 0x00, 0xF8, 0x00, 0x80, 0x00,
    0x80, 0x00, 0x80, 0x00, 0x00, 0x00, 0x00, 0x00, 0x00, 0x00, 0x00, 0x00,
    0x00, 0x00, 0x00, 0x00, 0x3E, 0x00, 0x66, 0x00, 0x46, 0x00, 0x46, 0x00,
    0x46, 0x00, 0x66, 0x00, 0x3E, 0x00, 0x06, 0x00, 0x06, 0x00, 0x06, 0x00,
    0x00, 0x00, 0x00, 0x00, 0x00, 0x00, 0x00, 0x00, 0x00, 0x00, 0x00, 0x00,
    0xF8, 0x00, 0xC0, 0x00, 0xC0, 0x00, 0xC0, 0x00, 0xC0, 0x00, 0xC0, 0x00,
    0xC0, 0x00, 0x00, 0x00, 0x00, 0x00, 0x00, 0x00, 0x00, 0x00, 0x00, 0x00,
    0x00, 0x00, 0x00, 0x00, 0x00, 0x00, 0x00, 0x00, 0x78, 0x00, 0xC8, 0x00,
    0xC0, 0x00, 0x78, 0x00, 0x0C, 0x00, 0x8C, 0x00, 0x78, 0x00, 0x00, 0x00,
    0x00, 0x00, 0x00, 0x00, 0x00, 0x00, 0x00, 0x00, 0x00, 0x00, 0x00, 0x00,
    0x10, 0x00, 0x10, 0x00, 0x7E, 0x00, 0x10, 0x00, 0x10, 0x00, 0x10, 0x00,
    0x10, 0x00, 0x10, 0x00, 0x1E, 0x00, 0x00, 0x00, 0x00, 0x00, 0x00, 0x00,
    0x00, 0x00, 0x00, 0x00, 0x00, 0x00, 0x00, 0x00, 0x00, 0x00, 0x00, 0x00,
    0xCC, 0x00, 0xCC, 0x00, 0xCC, 0x00, 0xCC, 0x00, 0xCC, 0x00, 0xCC, 0x00,
    0x7C, 0x00, 0x00, 0x00, 0x00, 0x00, 0x00, 0x00, 0x00, 0x00, 0x00, 0x00,
    0x00, 0x00, 0x00, 0x00, 0x00, 0x00, 0x00, 0x00, 0x42, 0x00, 0x46, 0x00,
    0x64, 0x00, 0x24, 0x00, 0x3C, 0x00, 0x18, 0x00, 0x18, 0x00, 0x00, 0x00,
    0x00, 0x00, 0x00, 0x00, 0x00, 0x00, 0x00, 0x00, 0x00, 0x00, 0x00, 0x00,
    0x00, 0x00, 0x00, 0x00, 0x83, 0x00, 0xC3, 0x00, 0xDA, 0x00, 0x5A, 0x00,
    0x7E, 0x00, 0x6E, 0x00, 0x64, 0x00, 0x00, 0x00, 0x00, 0x00, 0x00, 0x00,
    0x00, 0x00, 0x00, 0x00, 0x00, 0x00, 0x00, 0x00, 0x00, 0x00, 0x00, 0x00,
    0x66, 0x00, 0x24, 0x00, 0x18, 0x00, 0x18, 0x00, 0x3C, 0x00, 0x24, 0x00,
    0x42, 0x00, 0x00, 0x00, 0x00, 0x00, 0x00, 0x00, 0x00, 0x00, 0x00, 0x00,
    0x00, 0x00, 0x00, 0x00, 0x00, 0x00, 0x00, 0x00, 0x42, 0x00, 0x66, 0x00,
    0x24, 0x00, 0x24, 0x00, 0x3C, 0x00, 0x18, 0x00, 0x18, 0x00, 0x18, 0x00,
    0x10, 0x00, 0x70, 0x00, 0x00, 0x00, 0x00, 0x00, 0x00, 0x00, 0x00, 0x00,
    0x00, 0x00, 0x00, 0x00, 0xFC, 0x00, 0x08, 0x00, 0x18, 0x00, 0x30, 0x00,
    0x60, 0x00, 0x40, 0x00, 0xFC, 0x00, 0x00, 0x00, 0x00, 0x00, 0x00, 0x00,
    0x00, 0x00, 0x00, 0x00, 0x00, 0x00, 0x00, 0x00, 0x1C, 0x00, 0x30, 0x00,
    0x30, 0x00, 0x30, 0x00, 0x30, 0x00, 0xE0, 0x00, 0x20, 0x00, 0x30, 0x00,
    0x30, 0x00, 0x30, 0x00, 0x30, 0x00, 0x1C, 0x00, 0x00, 0x00, 0x00, 0x00,
    0x00, 0x00, 0x00, 0x00, 0xC0, 0x00, 0xC0, 0x00, 0xC0, 0x00, 0xC0, 0x00,
    0xC0, 0x00, 0xC0, 0x00, 0xC0, 0x00, 0xC0, 0x00, 0xC0, 0x00, 0xC0, 0x00,
    0xC0, 0x00, 0xC0, 0x00, 0xC0, 0x00, 0x00, 0x00, 0x00, 0x00, 0x00, 0x00,
    0xE0, 0x00, 0x20, 0x00, 0x30, 0x00, 0x30, 0x00, 0x30, 0x00, 0x1C, 0x00,
    0x30, 0x00, 0x30, 0x00, 0x30, 0x00, 0x30, 0x00, 0x20, 0x00, 0xE0, 0x00,
    0x00, 0x00, 0x00, 0x00, 0x00, 0x00, 0x00, 0x00, 0x00, 0x00, 0x00, 0x00,
    0x00, 0x00, 0x00, 0x00, 0x72, 0x00, 0x0E, 0x00, 0x00, 0x00, 0x00, 0x00,
    0x00, 0x00, 0x00, 0x00, 0x00, 0x00, 0x00, 0x00, 0x00, 0x00, 0x00, 0x00,
    0x00, 0x00, 0x00, 0x00, 0x00, 0x00, 0x00, 0x00, 0x00, 0x00, 0x00, 0x00,
    0x00, 0x00, 0x00, 0x00, 0x00, 0x00, 0x03, 0x80, 0x03, 0x80, 0x03, 0x80,
    0x00, 0x00, 0x00, 0x00, 0x00, 0x00, 0x00, 0x00, 0x00, 0x00, 0x00, 0x00,
    0x00, 0x00, 0x00, 0x00, 0x00, 0x00, 0x00, 0x00, 0x00, 0x00, 0x00, 0x00,
    0x00, 0x00, 0x3F, 0xFC, 0x00, 0x00, 0x00, 0x00, 0x00, 0x00, 0x00, 0x00,
    0x00, 0x00, 0x00, 0x00, 0x00, 0x00, 0x00, 0x00, 0x00, 0x00, 0x00, 0x00,
    0x00, 0x00, 0x00, 0x00, 0x00, 0x00, 0x00, 0x00, 0x00, 0x00, 0x21, 0x08,
    0x21, 0x08, 0x00, 0x00, 0x00, 0x00, 0x00, 0x00, 0x00, 0x00, 0x00, 0x00,
    0x00, 0x00, 0x00, 0x00, 0x00, 0x00, 0x30, 0x00, 0x58, 0x78, 0x49, 0xCC,
    0x49, 0x80, 0x73, 0x00, 0x03, 0x00, 0x03, 0x00, 0x03, 0x00, 0x03, 0x00,
    0x03, 0x00, 0x01, 0x80, 0x00, 0xCC, 0x00, 0x78, 0x00, 0x00, 0x00, 0x00,
    0x00, 0x00, 0x00, 0x00, 0x00, 0x00, 0x00, 0x00, 0x00, 0x20, 0x00, 0x10,
    0x00, 0x08, 0xFF, 0xFC, 0x00, 0x08, 0x00, 0x10, 0x00, 0x20, 0x00, 0x00,
    0x00, 0x00, 0x00, 0x00, 0x00, 0x00, 0x00, 0x00, 0x07, 0xC0, 0x10, 0x10,
    0x20, 0x08, 0x00, 0x08, 0x43, 0x84, 0x41, 0x80, 0x01, 0x80, 0x81, 0x82,
    0x81, 0x82, 0x01, 0x80, 0x41, 0x84, 0x41, 0x04, 0x20, 0x08, 0x10, 0x10,
    0x07, 0xC0, 0x00, 0x00, 0x07, 0xC0, 0x10, 0x10, 0x20, 0x08, 0x43, 0x84,
    0x44, 0xC4, 0x00, 0x40, 0x80, 0xC2, 0x80, 0x82, 0x01, 0x00, 0x42, 0x04,
    0x47, 0xE4, 0x20, 0x08, 0x20, 0x08, 0x10, 0x10, 0x07, 0xC0, 0x00, 0x00,
    0x00, 0x00, 0x00, 0x00, 0x01, 0x00, 0x01, 0x00, 0x03, 0x80, 0x03, 0x80,
    0x7F, 0xFC, 0x3F, 0xF8, 0x0F, 0xE0, 0x07, 0xC0, 0x0F, 0xE0, 0x0E, 0xE0,
    0x0C, 0x60, 0x10, 0x10, 0x00, 0x00, 0x00, 0x00, 0x00, 0x00, 0x03, 0x80,
    0x06, 0xC0, 0x04, 0x40, 0x0D, 0x60, 0x09, 0x20, 0x19, 0x30, 0x11, 0x10,
    0x31, 0x18, 0x21, 0x08, 0x60, 0x0C, 0x41, 0x04, 0x41, 0x04, 0x40, 0x04,
    0x3F, 0xFC, 0x00, 0x00, 0x00, 0x00, 0x00, 0x00, 0x00, 0x00, 0x00, 0x00,
    0x00, 0x00, 0x02, 0x00, 0x03, 0x00, 0x01, 0x80, 0x00, 0xC0, 0x00, 0x00,
    0x00, 0x00, 0x00, 0x00, 0x00, 0x00, 0x00, 0x00, 0x00, 0x00, 0x00, 0x00,
    0x00, 0x00, 0x00, 0x00, 0x00, 0x00, 0x00, 0x00, 0x00, 0x00, 0x03, 0x80,
    0x02, 0x40, 0x02, 0x40, 0x02, 0x40, 0x01, 0x80, 0x00, 0x00, 0x00, 0x00,
    0x00, 0x00, 0x00, 0x00, 0x00, 0x00, 0x00, 0x00, 0x00, 0x00, 0x00, 0x00,
    0x03, 0xE0, 0x02, 0x00, 0x02, 0x00, 0x02, 0x00, 0x02, 0x00, 0x02, 0x00,
    0x02, 0x00, 0x02, 0x00, 0x02, 0x00, 0x02, 0x00, 0x00, 0x00, 0x00, 0x00,
    0x00, 0x00, 0x00, 0x00, 0x00, 0x00, 0x00, 0x00, 0x00, 0x00, 0x00, 0x40,
    0x00, 0x40, 0x00, 0x40, 0x00, 0x40, 0x00, 0x40, 0x00, 0x40, 0x00, 0x40,
    0x00, 0x40, 0x00, 0x40, 0x07, 0xC0, 0x00, 0x00, 0x00, 0x00, 0x00, 0x00,
    0x00, 0x00, 0x00, 0x00, 0x00, 0x00, 0x00, 0x00, 0x00, 0x00, 0x00, 0x00,
    0x00, 0x00, 0x00, 0x00, 0x7F, 0xFC, 0x00, 0x00, 0x00, 0x00, 0x00, 0x00,
    0x00, 0x00, 0x00, 0x00, 0x00, 0x00, 0x00, 0x00, 0x00, 0x00, 0x00, 0x00,
    0x03, 0x00, 0x03, 0x00, 0x03, 0x00, 0x03, 0x00, 0x03, 0xF8, 0x03, 0x00,
    0x03, 0x00, 0x03, 0x00, 0x03, 0x00, 0x03, 0x00, 0x03, 0x00, 0x03, 0x00,
    0x7F, 0xFC, 0x00, 0x00, 0x00, 0x00, 0x7F, 0xFC, 0x03, 0x00, 0x01, 0x00,
    0x01, 0x00, 0x01, 0x80, 0x01, 0xE0, 0x01, 0x30, 0x01, 0x18, 0x01, 0x00,
    0x01, 0x00, 0x01, 0x00, 0x01, 0x00, 0x01, 0x00, 0x01, 0x00, 0x00, 0x00,
    0x00, 0x00, 0x7F, 0xFC, 0x01, 0x80, 0x01, 0x00, 0x03, 0x00, 0x07, 0xC0,
    0x0D, 0x60, 0x19, 0x18, 0x31, 0x0C, 0x61, 0x04, 0x01, 0x00, 0x01, 0x00,
    0x01, 0x00, 0x01, 0x00, 0x01, 0x00, 0x00, 0x00, 0x04, 0x00, 0x0F, 0xFC,
    0x0C, 0x00, 0x08, 0x00, 0x08, 0x00, 0x0F, 0xFC, 0x00, 0x04, 0x00, 0x04,
    0x00, 0x04, 0x3F, 0xE4, 0x00, 0x0C, 0x00, 0x0C, 0x00, 0x08, 0x00, 0xF8,
    0x00, 0x00, 0x00, 0x00, 0x00, 0xF8, 0x3F, 0xC0, 0x01, 0x00, 0x01, 0x00,
    0x3F, 0xF8, 0x01, 0x00, 0x01, 0x00, 0x01, 0x00, 0x7F, 0xFC, 0x06, 0x00,
    0x04, 0x20, 0x08, 0x30, 0x18, 0xF8, 0x3F, 0xE8, 0x00, 0x08, 0x00, 0x00,
    0x00, 0x00, 0x7F, 0xFC, 0x04, 0x40, 0x04, 0x40, 0x04, 0x40, 0x7F, 0xFC,
    0x64, 0x4C, 0x64, 0xCC, 0x6E, 0xCC, 0x6E, 0xEC, 0x69, 0xBC, 0x79, 0x1C,
    0x71, 0x0C, 0x60, 0x0C, 0x60, 0x38, 0x00, 0x00, 0x00, 0x00, 0x1F, 0xFE,
    0x03, 0x60, 0x1B, 0x6C, 0x0B, 0x68, 0x0B, 0x60, 0x1F, 0xFE, 0x10, 0x00,
    0x10, 0x00, 0x10, 0x00, 0x30, 0x00, 0x30, 0x00, 0x20, 0x00, 0x20, 0x00,
    0x00, 0x00, 0x00, 0x00, 0x00, 0x00, 0x01, 0x00, 0x01, 0x00, 0x03, 0x80,
    0x04, 0x40, 0x18, 0x30, 0x31, 0x18, 0x61, 0x0C, 0x01, 0x00, 0x01, 0x00,
    0x01, 0x00, 0x01, 0x00, 0x01, 0x00, 0x01, 0x00, 0x01, 0x00, 0x00, 0x00,
    0x01, 0x00, 0x01, 0x00, 0x01, 0x00, 0x7F, 0xFC, 0x61, 0x0C, 0x61, 0x0C,
    0x61, 0x0C, 0x61, 0x0C, 0x61, 0x0C, 0x7F, 0xFC, 0x61, 0x0C, 0x01, 0x00,
    0x01, 0x00, 0x01, 0x00, 0x01, 0x00, 0x00, 0x00, 0x09, 0x00, 0x0D, 0x00,
    0x01, 0x00, 0x3F, 0xFE, 0x01, 0x06, 0x01, 0x04, 0x03, 0x44, 0x02, 0x44,
    0x02, 0x64, 0x06, 0x24, 0x0C, 0x04, 0x08, 0x04, 0x30, 0x0C, 0x20, 0x38,
    0x00, 0x00, 0x00, 0x00, 0x00, 0x00, 0x03, 0x00, 0x01, 0x80, 0x7F, 0xFC,
    0x01, 0x00, 0x01, 0x00, 0x01, 0x00, 0x01, 0x00, 0x3F, 0xF8, 0x01, 0x00,
    0x01, 0x00, 0x01, 0x00, 0x01, 0x00, 0x7F, 0xFC, 0x00, 0x00, 0x00, 0x00,
    0x04, 0x00, 0x06, 0x00, 0x06, 0x00, 0x06, 0x00, 0x7F, 0xE0, 0x04, 0x20,
    0x04, 0x20, 0x04, 0x20, 0x0C, 0x20, 0x0C, 0x20, 0x08, 0x20, 0x18, 0x26,
    0x30, 0x24, 0x60, 0x3C, 0x00, 0x00, 0x00, 0x00, 0x00, 0x00, 0x11, 0x80,
    0x11, 0x80, 0x11, 0xB8, 0x13, 0xE8, 0x1F, 0x88, 0x79, 0x88, 0x11, 0x88,
    0x11, 0x98, 0x11, 0xF0, 0x11, 0x84, 0x10, 0x04, 0x18, 0x0C, 0x0F, 0xF8,
    0x00, 0x00, 0x00, 0x00, 0x00, 0x00, 0x00, 0x00, 0x7F, 0xF8, 0x00, 0x30,
    0x00, 0x60, 0x00, 0xC0, 0x01, 0x80, 0x01, 0x00, 0x01, 0x00, 0x01, 0x00,
    0x01, 0x00, 0x01, 0x00, 0x01, 0x00, 0x01, 0x00, 0x0F, 0x00, 0x00, 0x00,
    0x01, 0x00, 0x7F, 0xFC, 0x01, 0x00, 0x1F, 0xF0, 0x11, 0x18, 0x1F, 0xF8,
    0x01, 0x00, 0x3F, 0xF8, 0x01, 0x08, 0x7F, 0xFC, 0x01, 0x08, 0x3F, 0xF8,
    0x01, 0x08, 0x01, 0x00, 0x07, 0x00, 0x00, 0x00, 0x00, 0x00, 0x3F, 0xF8,
    0x01, 0x00, 0x01, 0x00, 0x01, 0x00, 0x01, 0x00, 0x01, 0x00, 0x7F, 0xFC,
    0x01, 0x00, 0x01, 0x00, 0x01, 0x00, 0x01, 0x00, 0x01, 0x00, 0x01, 0x00,
    0x0F, 0x00, 0x00, 0x00, 0x03, 0x00, 0x01, 0x00, 0x7F, 0xFC, 0x00, 0x00,
    0x0C, 0x60, 0x18, 0x10, 0x30, 0x08, 0x6C, 0x64, 0x04, 0x40, 0x02, 0xC0,
    0x03, 0x80, 0x03, 0x80, 0x0E, 0xE0, 0x78, 0x3C, 0x60, 0x04, 0x00, 0x00,
    0x00, 0x80, 0x00, 0x80, 0x1F, 0xFE, 0x04, 0x10, 0x06, 0x10, 0x02, 0x30,
    0x1F, 0xFE, 0x10, 0x00, 0x10, 0x00, 0x10, 0x00, 0x10, 0x00, 0x30, 0x00,
    0x30, 0x00, 0x20, 0x00, 0x20, 0x00, 0x00, 0x00, 0x00, 0x00, 0x01, 0x00,
    0x01, 0x00, 0x01, 0x00, 0x01, 0x00, 0x03, 0x00, 0x03, 0x80, 0x03, 0x80,
    0x02, 0x80, 0x06, 0xC0, 0x04, 0x40, 0x0C, 0x20, 0x18, 0x30, 0x70, 0x1C,
    0x40, 0x04, 0x00, 0x00, 0x08, 0x00, 0x08, 0x00, 0x1F, 0xFC, 0x12, 0x08,
    0x33, 0x08, 0x71, 0x08, 0x71, 0x18, 0x51, 0x90, 0x10, 0xB0, 0x10, 0xE0,
    0x10, 0x60, 0x10, 0xE0, 0x11, 0xB0, 0x17, 0x0C, 0x14, 0x04, 0x00, 0x00,
    0x0B, 0xF8, 0x19, 0x98, 0x11, 0x98, 0x11, 0x90, 0x31, 0x90, 0x71, 0x9E,
    0x11, 0x06, 0x11, 0x06, 0x11, 0x06, 0x11, 0x06, 0x13, 0x06, 0x12, 0x04,
    0x16, 0x04, 0x1C, 0x3C, 0x00, 0x00, 0x00, 0x00, 0x00, 0x00, 0x08, 0x20,
    0x08, 0x60, 0x08, 0x60, 0x08, 0x60, 0x18, 0x60, 0x18, 0x60, 0x1C, 0x60,
    0x16, 0xE0, 0x12, 0xF0, 0x31, 0x90, 0x31, 0x98, 0x63, 0x0C, 0x42, 0x04,
    0x00, 0x00, 0x00, 0x00, 0x18, 0x40, 0x12, 0x40, 0x12, 0x4C, 0x32, 0x7C,
    0x73, 0xE4, 0x77, 0xCC, 0x7E, 0x4C, 0x32, 0x4C, 0x32, 0x4C, 0x32, 0x58,
    0x32, 0x40, 0x32, 0x04, 0x32, 0x04, 0x33, 0xFC, 0x00, 0x00, 0x00, 0x00,
    0x00, 0x00, 0x00, 0x18, 0x32, 0x18, 0x33, 0x10, 0x31, 0x10, 0x30, 0x90,
    0x30, 0x10, 0x30, 0x30, 0x30, 0x20, 0x36, 0x20, 0x3C, 0x70, 0x38, 0xD8,
    0x21, 0x8C, 0x06, 0x04, 0x00, 0x00, 0x00, 0x00, 0x00, 0x00, 0x08, 0x80,
    0x1A, 0xCC, 0x12, 0x48, 0x32, 0x08, 0x73, 0x08, 0x73, 0x18, 0x71, 0x10,
    0x31, 0xB0, 0x30, 0xE0, 0x30, 0xE0, 0x30, 0xE0, 0x33, 0xB0, 0x36, 0x1C,
    0x00, 0x04, 0x00, 0x00, 0x04, 0x20, 0x0C, 0x20, 0x08, 0x20, 0x08, 0x20,
    0x1B, 0xFE, 0x3A, 0x22, 0x3A, 0x22, 0x3A, 0x22, 0x1A, 0x22, 0x1B, 0xFE,
    0x1A, 0x22, 0x18, 0x20, 0x18, 0x20, 0x18, 0x20, 0x18, 0x20, 0x00, 0x00,
    0x08, 0x40, 0x1A, 0x40, 0x1A, 0x40, 0x12, 0x40, 0x33, 0xFC, 0x76, 0x40,
    0x74, 0x40, 0x30, 0x40, 0x37, 0xFC, 0x30, 0x40, 0x30, 0x40, 0x30, 0x40,
    0x30, 0x40, 0x30, 0x40, 0x10, 0x40, 0x00, 0x00, 0x08, 0x00, 0x08, 0x78,
    0x1F, 0xE0, 0x10, 0x40, 0x30, 0x40, 0x70, 0x40, 0xD0, 0x40, 0x1F, 0xFC,
    0x10, 0x40, 0x10, 0x40, 0x10, 0x40, 0x10, 0x40, 0x10, 0x40, 0x17, 0xFC,
    0x10, 0x00, 0x00, 0x00, 0x08, 0x80, 0x18, 0x90, 0x10, 0x98, 0x10, 0x88,
    0x3F, 0xFC, 0x71, 0x80, 0x71, 0xA0, 0x31, 0xE0, 0x31, 0x60, 0x31, 0x60,
    0x31, 0x60, 0x32, 0x64, 0x36, 0x64, 0x34, 0x3C, 0x30, 0x00, 0x00, 0x00,
    0x01, 0x00, 0x03, 0x80, 0x06, 0xC0, 0x0C, 0x60, 0x38, 0x38, 0x7F, 0xEC,
    0x00, 0x00, 0x00, 0x00, 0x7F, 0xFC, 0x06, 0x00, 0x0C, 0x60, 0x08, 0x30,
    0x19, 0xF8, 0x3F, 0xF8, 0x00, 0x08, 0x00, 0x00, 0x08, 0x00, 0x18, 0xC0,
    0x17, 0xFC, 0x30, 0x80, 0x31, 0x80, 0x7F, 0xFC, 0xF1, 0x00, 0x31, 0x00,
    0x33, 0xF8, 0x30, 0x18, 0x30, 0x30, 0x31, 0xE0, 0x30, 0xC0, 0x30, 0x60,
    0x30, 0x20, 0x00, 0x00, 0x08, 0x00, 0x1B, 0xF8, 0x12, 0x08, 0x12, 0x08,
    0x32, 0x08, 0x72, 0x08, 0x73, 0xF8, 0x52, 0x08, 0x12, 0x08, 0x12, 0x08,
    0x13, 0xF8, 0x10, 0x00, 0x10, 0x00, 0x17, 0xFE, 0x10, 0x00, 0x00, 0x00,
    0x08, 0x40, 0x08, 0x40, 0x18, 0x40, 0x17, 0xFC, 0x30, 0x00, 0x71, 0x18,
    0x71, 0x18, 0x11, 0x10, 0x11, 0x10, 0x11, 0x10, 0x11, 0xB0, 0x11, 0xB0,
    0x10, 0x20, 0x17, 0xFC, 0x10, 0x00, 0x00, 0x00, 0x08, 0x18, 0x19, 0xF8,
    0x13, 0x20, 0x32, 0x20, 0x32, 0x20, 0x72, 0x20, 0xF3, 0xFC, 0x32, 0x20,
    0x32, 0x30, 0x32, 0x30, 0x32, 0x10, 0x32, 0x54, 0x32, 0x5C, 0x37, 0xAC,
    0x00, 0x00, 0x00, 0x00, 0x08, 0x40, 0x18, 0x40, 0x10, 0x40, 0x3F, 0xFC,
    0x30, 0xE0, 0x71, 0xE0, 0x71, 0xF0, 0x33, 0x50, 0x32, 0x50, 0x36, 0x48,
    0x34, 0x4C, 0x3F, 0xF4, 0x30, 0x40, 0x30, 0x40, 0x30, 0x40, 0x00, 0x00,
    0x08, 0x00, 0x18, 0x00, 0x17, 0xFC, 0x10, 0x08, 0x30, 0x08, 0x77, 0xC8,
    0x76, 0x48, 0x16, 0x48, 0x16, 0x48, 0x16, 0x48, 0x17, 0xC8, 0x16, 0x08,
    0x10, 0x08, 0x10, 0x08, 0x10, 0x78, 0x00, 0x00, 0x08, 0x00, 0x09, 0x80,
    0x19, 0x00, 0x13, 0xFC, 0x32, 0x40, 0x76, 0x40, 0x74, 0x7C, 0x10, 0x40,
    0x10, 0x40, 0x10, 0x40, 0x10, 0x7C, 0x10, 0x40, 0x10, 0x40, 0x10, 0x40,
    0x10, 0x40, 0x00, 0x00, 0x08, 0x40, 0x18, 0x40, 0x1F, 0xFC, 0x10, 0x40,
    0x30, 0x40, 0x77, 0xFC, 0xF4, 0x44, 0x14, 0x44, 0x17, 0xFC, 0x10, 0x40,
    0x12, 0xC0, 0x11, 0x80, 0x11, 0xC0, 0x17, 0x7C, 0x14, 0x0C, 0x00, 0x00,
    0x0F, 0xE2, 0x19, 0x12, 0x11, 0x12, 0x13, 0x12, 0x33, 0xD2, 0x32, 0x52,
    0x16, 0x52, 0x16, 0x52, 0x15, 0xD2, 0x10, 0x92, 0x11, 0x82, 0x11, 0x02,
    0x13, 0x02, 0x16, 0x0E, 0x00, 0x00, 0x00, 0x00, 0x08, 0x02, 0x0F, 0xC2,
    0x1C, 0x6A, 0x15, 0x6A, 0x35, 0x6A, 0x35, 0x6A, 0x75, 0x6A, 0x15, 0x6A,
    0x15, 0x6A, 0x15, 0x6A, 0x15, 0x6A, 0x11, 0x02, 0x11, 0xC2, 0x12, 0x42,
    0x14, 0x2E, 0x00, 0x00, 0x08, 0x00, 0x1F, 0xFC, 0x10, 0x40, 0x37, 0xFC,
    0x34, 0x4C, 0x74, 0x4C, 0x77, 0xFC, 0x74, 0x4C, 0x34, 0x4C, 0x37, 0xFC,
    0x34, 0x40, 0x32, 0xC0, 0x31, 0x80, 0x37, 0xFC, 0x3C, 0x0C, 0x00, 0x00,
    0x08, 0x00, 0x1B, 0xFC, 0x12, 0x0C, 0x12, 0x0C, 0x32, 0x0C, 0x73, 0xFC,
    0xF0, 0x40, 0x10, 0x40, 0x1F, 0xFC, 0x10, 0xE0, 0x11, 0xF0, 0x13, 0x58,
    0x16, 0x4C, 0x1C, 0x44, 0x10, 0x40, 0x00, 0x00, 0x08, 0x80, 0x18, 0xC0,
    0x10, 0x40, 0x37, 0xFC, 0x30, 0x00, 0x73, 0xF8, 0x70, 0x00, 0x33, 0xF8,
    0x30, 0x00, 0x30, 0x00, 0x37, 0xF8, 0x36, 0x08, 0x36, 0x08, 0x37, 0xF8,
    0x10, 0x08, 0x00, 0x00, 0x00, 0x80, 0x10, 0x80, 0x11, 0xFC, 0x33, 0x88,
    0x22, 0xD8, 0x6C, 0x70, 0xED, 0xF8, 0x2F, 0x2C, 0x2C, 0x60, 0x2D, 0x90,
    0x2C, 0x70, 0x2D, 0xCC, 0x20, 0x18, 0x21, 0xE0, 0x21, 0x00, 0x00, 0x00,
    0x08, 0x40, 0x18, 0x40, 0x17, 0xFC, 0x30, 0xC0, 0x33, 0xF8, 0x72, 0x08,
    0x72, 0x08, 0x73, 0xF8, 0x32, 0x08, 0x33, 0xF8, 0x32, 0x08, 0x33, 0xF8,
    0x32, 0x08, 0x3F, 0xFC, 0x00, 0x00, 0x00, 0x00, 0x08, 0x40, 0x1F, 0xFC,
    0x10, 0x00, 0x33, 0xF8, 0x32, 0x08, 0x72, 0x08, 0x73, 0xF8, 0x70, 0x00,
    0x37, 0xFC, 0x34, 0x04, 0x33, 0xF8, 0x30, 0x40, 0x30, 0x40, 0x30, 0x40,
    0x31, 0xC0, 0x00, 0x00, 0x08, 0x00, 0x1F, 0xFC, 0x16, 0x4C, 0x37, 0xFC,
    0x36, 0x4C, 0x76, 0x4C, 0x73, 0xF8, 0x30, 0x40, 0x37, 0xFC, 0x34, 0x44,
    0x34, 0x54, 0x35, 0xF4, 0x35, 0x0C, 0x34, 0x04, 0x34, 0x1C, 0x00, 0x00,
    0x10, 0x40, 0x14, 0x64, 0x35, 0xFC, 0x22, 0x68, 0x60, 0x70, 0x6D, 0xFC,
    0xE4, 0x60, 0x24, 0xC0, 0x25, 0xFC, 0x25, 0xC4, 0x24, 0xFC, 0x25, 0xC4,
    0x27, 0xC4, 0x24, 0xFC, 0x20, 0x84, 0x00, 0x00, 0x09, 0x00, 0x1B, 0xE0,
    0x12, 0x20, 0x36, 0x60, 0x3F, 0xFC, 0x74, 0x4C, 0x77, 0xFC, 0x31, 0x80,
    0x36, 0xD8, 0x34, 0xF0, 0x33, 0x70, 0x34, 0xE8, 0x33, 0x6C, 0x3E, 0x64,
    0x30, 0xC0, 0x00, 0x00, 0x02, 0x00, 0x06, 0x00, 0x04, 0x40, 0x0C, 0x60,
    0x18, 0x30, 0x33, 0xF0, 0x3F, 0xD8, 0x04, 0xC0, 0x04, 0xC0, 0x04, 0xC0,
    0x0C, 0xC4, 0x08, 0xC4, 0x18, 0xC4, 0x70, 0x7C, 0x40, 0x00, 0x00, 0x00,
    0x01, 0x00, 0x01, 0x00, 0x01, 0x80, 0x7F, 0xFC, 0x04, 0x00, 0x08, 0x60,
    0x18, 0x30, 0x3F, 0xF8, 0x04, 0xC8, 0x04, 0xC0, 0x0C, 0xC0, 0x0C, 0xC4,
    0x18, 0xC4, 0x70, 0x7C, 0x00, 0x00, 0x00, 0x00, 0x01, 0x00, 0x19, 0x00,
    0x19, 0x00, 0x1F, 0xF8, 0x31, 0x00, 0x21, 0x00, 0x01, 0x00, 0x7F, 0xFC,
    0x04, 0x40, 0x0C, 0x40, 0x0C, 0x40, 0x08, 0x44, 0x30, 0x44, 0x60, 0x7C,
    0x00, 0x00, 0x00, 0x00, 0x00, 0x00, 0x31, 0x18, 0x11, 0x10, 0x19, 0x30,
    0x09, 0x20, 0x01, 0x00, 0x7F, 0xFC, 0x04, 0x40, 0x04, 0x40, 0x0C, 0x40,
    0x0C, 0x40, 0x08, 0x44, 0x18, 0x44, 0x70, 0x44, 0x40, 0x7C, 0x00, 0x00,
    0x00, 0x00, 0x04, 0x00, 0x06, 0x00, 0x03, 0x00, 0x01, 0x00, 0x03, 0x80,
    0x03, 0x80, 0x02, 0xC0, 0x06, 0x60, 0x04, 0x20, 0x0C, 0x30, 0x18, 0x18,
    0x30, 0x0C, 0x60, 0x04, 0x00, 0x00, 0x00, 0x00, 0x00, 0x00, 0x03, 0x80,
    0x06, 0xC0, 0x0C, 0x60, 0x18, 0x30, 0x70, 0x1C, 0x5F, 0xFC, 0x01, 0x00,
    0x01, 0x00, 0x01, 0x00, 0x1F, 0xF0, 0x01, 0x00, 0x01, 0x00, 0x7F, 0xFC,
    0x00, 0x00, 0x00, 0x00, 0x08, 0x20, 0x08, 0x20, 0x08, 0x20, 0x0C, 0x60,
    0x7F, 0xFC, 0x08, 0x20, 0x08, 0x20, 0x08, 0x20, 0x0C, 0x60, 0x7F, 0xFC,
    0x00, 0x00, 0x0C, 0x60, 0x18, 0x30, 0x30, 0x18, 0x60, 0x0C, 0x00, 0x00,
    0x00, 0x00, 0x08, 0x30, 0x0C, 0x20, 0x0C, 0x60, 0x3F, 0xF8, 0x01, 0x00,
    0x01, 0x00, 0x01, 0x00, 0x7F, 0xFC, 0x03, 0x80, 0x03, 0xC0, 0x06, 0x60,
    0x1C, 0x30, 0x78, 0x1C, 0x60, 0x04, 0x00, 0x00, 0x08, 0x20, 0x08, 0x20,
    0x7F, 0xFC, 0x18, 0x30, 0x08, 0x20, 0x0F, 0xE0, 0x08, 0x20, 0x08, 0x20,
    0x0F, 0xE0, 0x08, 0x20, 0x7F, 0xFC, 0x04, 0x40, 0x1C, 0x70, 0x70, 0x1C,
    0x40, 0x00, 0x00, 0x00, 0x01, 0x00, 0x01, 0x00, 0x7F, 0xFC, 0x61, 0x0C,
    0x61, 0x0C, 0x63, 0x0C, 0x63, 0x8C, 0x66, 0xCC, 0x64, 0x6C, 0x7C, 0x3C,
    0x70, 0x0C, 0x60, 0x0C, 0x60, 0x0C, 0x60, 0x38, 0x00, 0x00, 0x00, 0x00,
    0x7F, 0xFC, 0x01, 0x00, 0x01, 0x00, 0x3F, 0xF8, 0x31, 0x18, 0x31, 0x18,
    0x3F, 0xF8, 0x31, 0x18, 0x31, 0x18, 0x7F, 0xFC, 0x30, 0x18, 0x30, 0x18,
    0x30, 0x18, 0x30, 0x70, 0x00, 0x00, 0x00, 0x00, 0x00, 0x00, 0x7F, 0xFC,
    0x40, 0x04, 0x4C, 0x04, 0x08, 0x00, 0x0F, 0xF0, 0x08, 0x00, 0x1F, 0xF0,
    0x00, 0x10, 0x00, 0x10, 0x7F, 0xD0, 0x00, 0x10, 0x00, 0x30, 0x00, 0x30,
    0x01, 0xE0, 0x00, 0x00, 0x00, 0x20, 0x20, 0x20, 0x30, 0x20, 0x1B, 0xFE,
    0x02, 0x22, 0x02, 0x22, 0x02, 0x22, 0x0A, 0x22, 0x0B, 0xFE, 0x1A, 0x22,
    0x30, 0x20, 0x30, 0x20, 0x20, 0x20, 0x00, 0x20, 0x00, 0x20, 0x00, 0x00,
    0x00, 0x00, 0x43, 0x00, 0x63, 0xF0, 0x36, 0x60, 0x0F, 0xF8, 0x08, 0xC8,
    0x00, 0xC8, 0x0F, 0xFC, 0x10, 0xC8, 0x30, 0xC8, 0x27, 0xF8, 0x20, 0xC8,
    0x60, 0xC0, 0x40, 0xC0, 0x03, 0x80, 0x00, 0x00, 0x00, 0x40, 0x42, 0x60,
    0x62, 0x20, 0x27, 0xFC, 0x36, 0x20, 0x0E, 0x20, 0x1F, 0xFC, 0x06, 0x20,
    0x16, 0x20, 0x37, 0xFC, 0x26, 0x20, 0x26, 0x20, 0x66, 0x20, 0x47, 0xFC,
    0x06, 0x00, 0x00, 0x00, 0x01, 0x00, 0x01, 0x00, 0x31, 0x18, 0x31, 0x18,
    0x31, 0x18, 0x31, 0x18, 0x3F, 0xF8, 0x01, 0x00, 0x21, 0x08, 0x21, 0x08,
    0x21, 0x08, 0x21, 0x08, 0x21, 0x08, 0x3F, 0xF8, 0x00, 0x08, 0x00, 0x00,
    0x01, 0x00, 0x01, 0x00, 0x01, 0x00, 0x3F, 0xF8, 0x01, 0x00, 0x01, 0x00,
    0x7F, 0xFC, 0x01, 0x00, 0x21, 0x00, 0x31, 0x08, 0x31, 0x08, 0x31, 0x08,
    0x31, 0x18, 0x3F, 0xF8, 0x00, 0x08, 0x00, 0x00, 0x0C, 0x60, 0x08, 0x20,
    0x18, 0x30, 0x30, 0x18, 0x60, 0x0C, 0x7F, 0xF4, 0x06, 0x10, 0x06, 0x10,
    0x06, 0x10, 0x04, 0x10, 0x0C, 0x10, 0x08, 0x30, 0x30, 0x30, 0x61, 0xE0,
    0x00, 0x00, 0x00, 0x00, 0x30, 0x00, 0x33, 0xFC, 0x30, 0x44, 0x3C, 0x44,
    0x7C, 0xC4, 0x70, 0xC4, 0x30, 0xC4, 0x30, 0x84, 0x30, 0x84, 0x3E, 0x8C,
    0x39, 0x8C, 0x21, 0x0C, 0x02, 0x08, 0x04, 0x38, 0x00, 0x00, 0x00, 0x00,
    0x3F, 0xC2, 0x0C, 0x12, 0x08, 0x12, 0x08, 0x12, 0x1F, 0x92, 0x10, 0x92,
    0x31, 0x92, 0x29, 0x12, 0x0D, 0x12, 0x07, 0x12, 0x06, 0x02, 0x04, 0x02,
    0x18, 0x02, 0x30, 0x0E, 0x00, 0x00, 0x00, 0x00, 0x3F, 0x86, 0x30, 0x96,
    0x34, 0x96, 0x34, 0x96, 0x34, 0x96, 0x34, 0x96, 0x34, 0x96, 0x34, 0x96,
    0x34, 0x96, 0x34, 0x96, 0x0E, 0x06, 0x0B, 0x06, 0x19, 0x86, 0x20, 0x9C,
    0x00, 0x00, 0x00, 0x00, 0x00, 0x00, 0x06, 0x06, 0x0F, 0x16, 0x09, 0x16,
    0x18, 0x96, 0x30, 0xD6, 0x3F, 0x96, 0x11, 0x96, 0x11, 0x96, 0x11, 0x16,
    0x17, 0x16, 0x10, 0x06, 0x10, 0xC6, 0x10, 0xC6, 0x1F, 0x9C, 0x00, 0x00,
    0x00, 0x00, 0x24, 0x86, 0x14, 0xB6, 0x15, 0xB6, 0x05, 0x36, 0x3F, 0xB6,
    0x04, 0x36, 0x04, 0x36, 0x04, 0x36, 0x3F, 0xF6, 0x04, 0x36, 0x0C, 0x06,
    0x08, 0x06, 0x18, 0x06, 0x30, 0x1C, 0x00, 0x00, 0x00, 0x00, 0x3F, 0x06,
    0x31, 0x26, 0x31, 0x36, 0x31, 0x36, 0x3F, 0x36, 0x00, 0x36, 0x0C, 0x36,
    0x3F, 0xB6, 0x09, 0xB6, 0x09, 0xB6, 0x09, 0x86, 0x19, 0x06, 0x31, 0x06,
    0x27, 0x1C, 0x00, 0x00, 0x00, 0x00, 0x7F, 0xAC, 0x18, 0x6C, 0x12, 0x6C,
    0x33, 0x6C, 0x3F, 0x6C, 0x39, 0xEC, 0x0C, 0x6C, 0x0C, 0x6C, 0x7F, 0xEC,
    0x0C, 0x6C, 0x0C, 0x0C, 0x3F, 0x0C, 0x60, 0x38, 0x00, 0x00, 0x00, 0x00,
    0x04, 0x02, 0x16, 0x02, 0x16, 0x12, 0x3F, 0xD2, 0x26, 0x12, 0x3F, 0xD2,
    0x06, 0x12, 0x06, 0x12, 0x3F, 0xD2, 0x36, 0xD2, 0x36, 0xD2, 0x36, 0xC2,
    0x36, 0xC2, 0x37, 0x82, 0x06, 0x0E, 0x00, 0x00, 0x00, 0x02, 0x1F, 0xC2,
    0x10, 0xD2, 0x10, 0xD2, 0x1F, 0xD2, 0x12, 0x12, 0x12, 0x12, 0x3F, 0xD2,
    0x3A, 0x52, 0x3A, 0x52, 0x3A, 0x52, 0x2A, 0x42, 0x2B, 0x82, 0x22, 0x06,
    0x02, 0x1C, 0x00, 0x00, 0x00, 0x00, 0x08, 0x30, 0x0C, 0x20, 0x7F, 0xFC,
    0x00, 0x00, 0x3E, 0x08, 0x22, 0x48, 0x22, 0x48, 0x3E, 0x48, 0x22, 0x48,
    0x3E, 0x48, 0x22, 0x48, 0x22, 0x08, 0x22, 0x08, 0x2E, 0x38, 0x00, 0x00,
    0x01, 0x00, 0x01, 0x00, 0x01, 0x00, 0x3F, 0xFE, 0x01, 0x06, 0x01, 0x04,
    0x01, 0x04, 0x03, 0x04, 0x02, 0x04, 0x06, 0x04, 0x04, 0x04, 0x0C, 0x04,
    0x18, 0x0C, 0x30, 0x78, 0x00, 0x00, 0x00, 0x00, 0x02, 0x00, 0x02, 0x00,
    0x02, 0x00, 0x7F, 0xE0, 0x02, 0x20, 0x02, 0x28, 0x36, 0x28, 0x26, 0x2C,
    0x64, 0x24, 0x4C, 0x24, 0x08, 0x24, 0x18, 0x60, 0x30, 0x60, 0x63, 0xC0,
    0x00, 0x00, 0x00, 0x00, 0x00, 0x40, 0x7C, 0x40, 0x10, 0x40, 0x13, 0xFC,
    0x10, 0x44, 0x10, 0x44, 0x10, 0xC4, 0x10, 0xC4, 0x14, 0x84, 0x3C, 0x84,
    0x71, 0x8C, 0x01, 0x0C, 0x06, 0x08, 0x04, 0x78, 0x00, 0x00, 0x00, 0x00,
    0x08, 0x00, 0x08, 0x00, 0x08, 0x7E, 0x3F, 0x66, 0x09, 0x66, 0x09, 0x66,
    0x09, 0x66, 0x09, 0x66, 0x19, 0x66, 0x19, 0x66, 0x11, 0x66, 0x11, 0x66,
    0x31, 0x7E, 0x27, 0x66, 0x00, 0x00, 0x00, 0x00, 0x00, 0x20, 0x7E, 0x20,
    0x00, 0x20, 0x01, 0xFC, 0x7F, 0x24, 0x10, 0x64, 0x30, 0x64, 0x26, 0x64,
    0x22, 0x44, 0x22, 0x44, 0x7E, 0xC4, 0x71, 0x8C, 0x01, 0x8C, 0x01, 0x38,
    0x00, 0x00, 0x00, 0x00, 0x1F, 0x30, 0x13, 0x30, 0x13, 0x30, 0x1F, 0xFE,
    0x13, 0x32, 0x13, 0x22, 0x13, 0x22, 0x1F, 0x22, 0x13, 0x22, 0x13, 0x66,
    0x17, 0xC6, 0x3E, 0xC6, 0x21, 0x84, 0x01, 0x1C, 0x00, 0x00, 0x00, 0x00,
    0x08, 0x00, 0x08, 0x00, 0x1F, 0xF8, 0x30, 0x08, 0x60, 0x08, 0x5F, 0x88,
    0x10, 0x88, 0x10, 0x88, 0x10, 0x88, 0x1F, 0x98, 0x10, 0x18, 0x10, 0x74,
    0x10, 0x04, 0x1F, 0xFC, 0x00, 0x00, 0x00, 0x00, 0x04, 0x80, 0x08, 0x80,
    0x18, 0x80, 0x18, 0x8C, 0x30, 0x98, 0x70, 0xB0, 0x50, 0xE0, 0x10, 0xC0,
    0x11, 0x80, 0x17, 0x80, 0x10, 0x84, 0x10, 0x84, 0x10, 0x84, 0x10, 0xFC,
    0x10, 0x00, 0x00, 0x00, 0x00, 0x00, 0x7F, 0xFC, 0x60, 0x00, 0x60, 0x30,
    0x6C, 0x20, 0x66, 0x60, 0x63, 0xC0, 0x61, 0x80, 0x63, 0xC0, 0x66, 0x60,
    0x6C, 0x30, 0x68, 0x10, 0x60, 0x00, 0x7F, 0xFC, 0x00, 0x00, 0x00, 0x00,
    0x00, 0x20, 0x07, 0x20, 0x3C, 0x20, 0x78, 0x20, 0x08, 0x20, 0x08, 0x20,
    0x08, 0x20, 0x7F, 0xFC, 0x08, 0x20, 0x08, 0x20, 0x08, 0x20, 0x18, 0x20,
    0x30, 0x20, 0x60, 0x20, 0x40, 0x20, 0x00, 0x00, 0x01, 0x00, 0x31, 0x18,
    0x11, 0x30, 0x19, 0x20, 0x01, 0x00, 0x3F, 0xF8, 0x01, 0x00, 0x01, 0x00,
    0x01, 0x00, 0x7F, 0xFC, 0x01, 0x00, 0x01, 0x00, 0x01, 0x00, 0x01, 0x00,
    0x01, 0x00, 0x00, 0x00, 0x30, 0x80, 0x30, 0x80, 0x37, 0xF8, 0x78, 0x90,
    0x30, 0x90, 0x32, 0x9C, 0x36, 0x9C, 0x34, 0x94, 0x35, 0x94, 0x35, 0x14,
    0x33, 0x10, 0x32, 0x10, 0x36, 0x10, 0x3C, 0xF0, 0x00, 0x00, 0x00, 0x00,
    0x08, 0x20, 0x08, 0x20, 0x04, 0x60, 0x3F, 0xF8, 0x21, 0x08, 0x21, 0x08,
    0x3F, 0xF8, 0x21, 0x08, 0x3F, 0xF8, 0x01, 0x00, 0x01, 0x00, 0x7F, 0xFC,
    0x01, 0x00, 0x01, 0x00, 0x01, 0x00, 0x00, 0x00, 0x01, 0x00, 0x01, 0x00,
    0x01, 0x00, 0x01, 0xFC, 0x01, 0x00, 0x01, 0x00, 0x01, 0x00, 0x01, 0x00,
    0x3F, 0xF8, 0x30, 0x18, 0x30, 0x18, 0x30, 0x18, 0x30, 0x18, 0x3F, 0xF8,
    0x30, 0x18, 0x00, 0x00, 0x02, 0x00, 0x1E, 0x7E, 0x30, 0x46, 0x30, 0x46,
    0x30, 0x46, 0x30, 0x46, 0x3F, 0x46, 0x30, 0x46, 0x30, 0x46, 0x30, 0x46,
    0x33, 0x46, 0x3E, 0x5E, 0x20, 0x40, 0x00, 0x40, 0x00, 0x40, 0x00, 0x00,
    0x00, 0x00, 0x3E, 0x7C, 0x22, 0x4C, 0x22, 0x4C, 0x3E, 0x4C, 0x22, 0x4C,
    0x22, 0x4C, 0x22, 0x4C, 0x3E, 0x4C, 0x20, 0x4C, 0x24, 0x4C, 0x26, 0x58,
    0x7E, 0x40, 0x73, 0x40, 0x00, 0x40, 0x00, 0x00, 0x04, 0x00, 0x04, 0x3E,
    0x04, 0x22, 0x3F, 0xA2, 0x04, 0x22, 0x04, 0x22, 0x3F, 0xA2, 0x0C, 0x22,
    0x08, 0x22, 0x09, 0x22, 0x19, 0x22, 0x1F, 0xAE, 0x3C, 0xA0, 0x00, 0x20,
    0x00, 0x20, 0x00, 0x00, 0x00, 0x00, 0x1F, 0xFE, 0x18, 0x00, 0x10, 0x00,
    0x10, 0x00, 0x10, 0x00, 0x10, 0x00, 0x10, 0x00, 0x10, 0x00, 0x10, 0x00,
    0x10, 0x00, 0x10, 0x00, 0x30, 0x00, 0x20, 0x00, 0x20, 0x00, 0x00, 0x00,
    0x00, 0x00, 0x3F, 0xFC, 0x20, 0x00, 0x21, 0x80, 0x21, 0x80, 0x21, 0x80,
    0x2F, 0xF8, 0x21, 0x08, 0x21, 0x08, 0x61, 0x08, 0x63, 0x08, 0x66, 0x08,
    0x4C, 0x18, 0x58, 0x70, 0x00, 0x00, 0x00, 0x00, 0x00, 0x00, 0x3F, 0xFC,
    0x20, 0x00, 0x20, 0x80, 0x20, 0x80, 0x20, 0x80, 0x2F, 0xFC, 0x20, 0x80,
    0x20, 0x80, 0x60, 0x90, 0x60, 0x98, 0x40, 0x80, 0x40, 0x80, 0x5F, 0xFC,
    0x00, 0x00, 0x00, 0x00, 0x00, 0x00, 0x3F, 0xFC, 0x20, 0x80, 0x21, 0x80,
    0x2F, 0xF8, 0x2C, 0x08, 0x2F, 0xF8, 0x2C, 0x08, 0x2C, 0x08, 0x2F, 0xF8,
    0x20, 0x80, 0x64, 0x90, 0x4C, 0x98, 0x58, 0x8C, 0x03, 0x80, 0x00, 0x00,
    0x01, 0x00, 0x01, 0x00, 0x01, 0x00, 0x3F, 0xF8, 0x01, 0x00, 0x01, 0x00,
    0x01, 0x00, 0x7F, 0xFC, 0x06, 0x00, 0x04, 0x60, 0x08, 0x20, 0x18, 0x30,
    0x33, 0xF8, 0x3F, 0xC8, 0x00, 0x00, 0x00, 0x00, 0x02, 0x00, 0x06, 0x60,
    0x0C, 0x30, 0x3F, 0xF8, 0x02, 0x00, 0x7F, 0xFC, 0x0C, 0x60, 0x19, 0xB0,
    0x3E, 0x1C, 0x68, 0xC4, 0x07, 0x80, 0x0C, 0x30, 0x00, 0xE0, 0x0F, 0x80,
    0x1C, 0x00, 0x00, 0x00, 0x00, 0x00, 0x00, 0xFC, 0x1F, 0xC0, 0x18, 0x00,
    0x18, 0x00, 0x1F, 0xFC, 0x1A, 0x08, 0x1B, 0x08, 0x19, 0x18, 0x19, 0xB0,
    0x10, 0xE0, 0x10, 0xE0, 0x11, 0xB0, 0x37, 0x1E, 0x24, 0x00, 0x00, 0x00,
    0x01, 0x00, 0x13, 0x30, 0x13, 0x18, 0x33, 0x00, 0x3F, 0xFC, 0x02, 0x00,
    0x06, 0x00, 0x07, 0xF8, 0x0E, 0x10, 0x0A, 0x30, 0x19, 0x60, 0x31, 0xC0,
    0x61, 0xE0, 0x0F, 0x3C, 0x0C, 0x0C, 0x00, 0x00, 0x00, 0x00, 0x7F, 0x00,
    0x27, 0xFC, 0x26, 0xCC, 0x3E, 0xCC, 0x26, 0x48, 0x26, 0x48, 0x26, 0x58,
    0x3E, 0x30, 0x26, 0x30, 0x26, 0x30, 0x7F, 0x70, 0x66, 0x58, 0x06, 0x8C,
    0x04, 0x04, 0x00, 0x00, 0x00, 0xF8, 0x7F, 0x80, 0x13, 0x18, 0x11, 0x10,
    0x11, 0x30, 0x7F, 0xFC, 0x40, 0x04, 0x40, 0x04, 0x1F, 0xF0, 0x08, 0x20,
    0x0C, 0x60, 0x07, 0xC0, 0x07, 0xC0, 0x3C, 0x7C, 0x60, 0x0C, 0x00, 0x00,
    0x01, 0x00, 0x01, 0x00, 0x7F, 0xFC, 0x04, 0x40, 0x14, 0x50, 0x34, 0x58,
    0x24, 0x4C, 0x04, 0x40, 0x3F, 0xF0, 0x08, 0x30, 0x0C, 0x60, 0x07, 0xC0,
    0x07, 0xC0, 0x7C, 0x78, 0x60, 0x0C, 0x00, 0x00, 0x00, 0x00, 0x3F, 0xF8,
    0x20, 0x08, 0x20, 0x08, 0x20, 0x08, 0x20, 0x08, 0x20, 0x08, 0x20, 0x08,
    0x20, 0x08, 0x20, 0x08, 0x20, 0x08, 0x3F, 0xF8, 0x20, 0x08, 0x00, 0x00,
    0x00, 0x00, 0x00, 0x00, 0x04, 0x00, 0x0C, 0x00, 0x0F, 0xFE, 0x18, 0x06,
    0x10, 0x06, 0x3F, 0xC6, 0x2C, 0x46, 0x0C, 0x46, 0x0C, 0x44, 0x0C, 0x44,
    0x0F, 0xC4, 0x0C, 0x04, 0x00, 0x0C, 0x00, 0x78, 0x00, 0x00, 0x00, 0x00,
    0x00, 0x00, 0x3F, 0xF8, 0x30, 0x18, 0x30, 0x18, 0x30, 0x18, 0x30, 0x18,
    0x30, 0x18, 0x30, 0x18, 0x3F, 0xF8, 0x00, 0x00, 0x04, 0x40, 0x0C, 0x60,
    0x18, 0x18, 0x70, 0x0C, 0x40, 0x04, 0x00, 0x00, 0x00, 0x00, 0x7F, 0xFC,
    0x00, 0x18, 0x00, 0x10, 0x00, 0x10, 0x3F, 0x90, 0x31, 0x90, 0x31, 0x90,
    0x31, 0x90, 0x31, 0x90, 0x3F, 0x90, 0x30, 0x10, 0x00, 0x10, 0x00, 0x10,
    0x00, 0xF0, 0x00, 0x00, 0x00, 0x00, 0x01, 0x00, 0x01, 0x00, 0x3F, 0xF8,
    0x21, 0x08, 0x21, 0x08, 0x21, 0x08, 0x3F, 0xF8, 0x01, 0x00, 0x11, 0x00,
    0x1B, 0x00, 0x0E, 0x00, 0x0E, 0x00, 0x3B, 0xF0, 0x60, 0x7C, 0x00, 0x00,
    0x02, 0x00, 0x02, 0x00, 0x06, 0x00, 0x7F, 0xFC, 0x04, 0x00, 0x0C, 0x00,
    0x08, 0x00, 0x1F, 0xF8, 0x38, 0x08, 0x28, 0x08, 0x48, 0x08, 0x08, 0x08,
    0x08, 0x08, 0x0F, 0xF8, 0x08, 0x08, 0x00, 0x00, 0x00, 0x00, 0x0F, 0xF8,
    0x08, 0x08, 0x08, 0x08, 0x0F, 0xF8, 0x00, 0x00, 0x00, 0x00, 0x3F, 0xFE,
    0x04, 0x00, 0x0F, 0xF8, 0x00, 0x08, 0x00, 0x08, 0x00, 0x18, 0x00, 0x10,
    0x00, 0xF0, 0x00, 0x00, 0x00, 0x00, 0x01, 0x80, 0x79, 0x80, 0x49, 0xFC,
    0x4B, 0x00, 0x4E, 0x00, 0x49, 0xF8, 0x48, 0x30, 0x48, 0x60, 0x48, 0xC0,
    0x79, 0x80, 0x43, 0x04, 0x03, 0x04, 0x03, 0xFC, 0x00, 0x00, 0x00, 0x00,
    0x01, 0x00, 0x01, 0x80, 0x02, 0xC0, 0x04, 0x60, 0x18, 0x38, 0x3F, 0xFC,
    0x60, 0x00, 0x00, 0x00, 0x1F, 0xF0, 0x10, 0x10, 0x10, 0x10, 0x10, 0x10,
    0x10, 0x10, 0x1F, 0xF0, 0x10, 0x10, 0x00, 0x00, 0x7F, 0xFC, 0x60, 0x0C,
    0x60, 0x0C, 0x6F, 0xEC, 0x60, 0x0C, 0x60, 0x0C, 0x6F, 0xEC, 0x6C, 0x6C,
    0x6C, 0x6C, 0x6C, 0x6C, 0x6F, 0xEC, 0x6C, 0x0C, 0x60, 0x0C, 0x60, 0x38,
    0x00, 0x00, 0x00, 0x00, 0x01, 0x00, 0x03, 0x00, 0x07, 0xF8, 0x0C, 0x18,
    0x38, 0x10, 0x06, 0x60, 0x03, 0xC0, 0x03, 0x80, 0x1F, 0xFC, 0x3C, 0x0C,
    0x04, 0x0C, 0x04, 0x0C, 0x04, 0x0C, 0x07, 0xFC, 0x04, 0x04, 0x00, 0x00,
    0x00, 0x00, 0x03, 0xF8, 0x3F, 0x80, 0x30, 0x00, 0x30, 0x00, 0x3F, 0xFC,
    0x20, 0x00, 0x20, 0x00, 0x27, 0xF8, 0x24, 0x08, 0x24, 0x08, 0x24, 0x08,
    0x64, 0x08, 0x47, 0xF8, 0x44, 0x08, 0x00, 0x00, 0x03, 0x00, 0x03, 0x00,
    0x02, 0x00, 0x7F, 0xFC, 0x60, 0x0C, 0x60, 0x0C, 0x6F, 0xEC, 0x6C, 0x6C,
    0x6C, 0x6C, 0x6C, 0x6C, 0x6F, 0xEC, 0x6C, 0x0C, 0x60, 0x0C, 0x60, 0x0C,
    0x60, 0x38, 0x00, 0x00, 0x00, 0x00, 0x7F, 0xFC, 0x01, 0x80, 0x03, 0x00,
    0x07, 0x60, 0x1D, 0x38, 0x71, 0x0C, 0x41, 0x04, 0x01, 0x00, 0x1F, 0xF8,
    0x10, 0x18, 0x10, 0x18, 0x10, 0x18, 0x1F, 0xF8, 0x10, 0x10, 0x00, 0x00,
    0x00, 0x08, 0x00, 0x78, 0x79, 0xE0, 0x49, 0x00, 0x49, 0x00, 0x49, 0xFC,
    0x49, 0x10, 0x49, 0x10, 0x49, 0x10, 0x49, 0x10, 0x79, 0x10, 0x43, 0x10,
    0x02, 0x10, 0x06, 0x10, 0x00, 0x10, 0x00, 0x00, 0x00, 0x80, 0x00, 0x80,
    0x00, 0xC0, 0x1F, 0xFC, 0x18, 0x04, 0x18, 0x04, 0x1F, 0xFC, 0x18, 0x00,
    0x10, 0x00, 0x17, 0xFC, 0x14, 0x04, 0x14, 0x04, 0x34, 0x04, 0x27, 0xFC,
    0x24, 0x04, 0x00, 0x00, 0x01, 0x00, 0x19, 0x80, 0x11, 0x80, 0x3F, 0xF8,
    0x21, 0x80, 0x01, 0x80, 0x7F, 0xFC, 0x00, 0x00, 0x00, 0x00, 0x1F, 0xF0,
    0x10, 0x10, 0x10, 0x10, 0x10, 0x10, 0x1F, 0xF0, 0x10, 0x10, 0x00, 0x00,
    0x01, 0x00, 0x03, 0x80, 0x06, 0xC0, 0x18, 0x30, 0x7F, 0xFC, 0x40, 0x04,
    0x00, 0x00, 0x3E, 0xF8, 0x26, 0x88, 0x26, 0x88, 0x26, 0x88, 0x3E, 0x88,
    0x20, 0xB8, 0x20, 0x80, 0x00, 0x80, 0x00, 0x00, 0x00, 0x00, 0x0F, 0x00,
    0x3C, 0x7E, 0x04, 0x46, 0x04, 0x46, 0x3F, 0xC6, 0x0C, 0x46, 0x0E, 0x46,
    0x1F, 0x46, 0x15, 0x46, 0x34, 0x46, 0x64, 0x46, 0x04, 0x7E, 0x04, 0x46,
    0x04, 0x00, 0x00, 0x00, 0x00, 0x00, 0x00, 0x40, 0x78, 0x40, 0x4B, 0xFC,
    0x4A, 0x04, 0x4A, 0x04, 0x4A, 0xF4, 0x4A, 0x94, 0x4A, 0x94, 0x4A, 0x94,
    0x7A, 0xF4, 0x42, 0x84, 0x42, 0x04, 0x02, 0x04, 0x02, 0x1C, 0x00, 0x00,
    0x01, 0x00, 0x01, 0x00, 0x7F, 0xFC, 0x0C, 0x20, 0x04, 0x40, 0x3F, 0xF8,
    0x20, 0x08, 0x24, 0x68, 0x28, 0x38, 0x27, 0xC8, 0x24, 0x48, 0x24, 0x48,
    0x27, 0xC8, 0x24, 0x08, 0x20, 0x38, 0x00, 0x00, 0x00, 0x00, 0x3E, 0xF8,
    0x26, 0x88, 0x26, 0x88, 0x3E, 0xF8, 0x03, 0x60, 0x02, 0x30, 0x7F, 0xFC,
    0x0C, 0x60, 0x30, 0x38, 0x7E, 0xFC, 0x26, 0x88, 0x26, 0x88, 0x3E, 0xF8,
    0x20, 0x88, 0x00, 0x00, 0x00, 0x00, 0x7F, 0xFC, 0x60, 0x0C, 0x60, 0x0C,
    0x60, 0x0C, 0x6F, 0xCC, 0x6C, 0x4C, 0x6C, 0x4C, 0x6C, 0x4C, 0x6F, 0xCC,
    0x60, 0x0C, 0x60, 0x0C, 0x60, 0x0C, 0x7F, 0xFC, 0x40, 0x04, 0x00, 0x00,
    0x00, 0x00, 0x7F, 0xFC, 0x40, 0x04, 0x41, 0x04, 0x41, 0x04, 0x5F, 0xF4,
    0x41, 0x04, 0x43, 0x04, 0x43, 0x84, 0x46, 0x44, 0x44, 0x24, 0x58, 0x34,
    0x40, 0x04, 0x7F, 0xFC, 0x40, 0x04, 0x00, 0x00, 0x00, 0x00, 0x7F, 0xFC,
    0x40, 0x0C, 0x46, 0x0C, 0x47, 0xEC, 0x5C, 0x4C, 0x53, 0x8C, 0x47, 0xEC,
    0x7C, 0x3C, 0x43, 0x8C, 0x44, 0x0C, 0x47, 0xCC, 0x40, 0x0C, 0x7F, 0xFC,
    0x40, 0x04, 0x00, 0x00, 0x02, 0x00, 0x06, 0x00, 0x06, 0x00, 0x7F, 0xFC,
    0x0C, 0x00, 0x08, 0x40, 0x18, 0x40, 0x30, 0x40, 0x77, 0xFC, 0x50, 0x40,
    0x10, 0x40, 0x10, 0x40, 0x10, 0x40, 0x17, 0xFC, 0x10, 0x00, 0x00, 0x00,
    0x00, 0x00, 0x30, 0x60, 0x33, 0x60, 0x33, 0x6C, 0x7B, 0x7C, 0x33, 0xE4,
    0x37, 0x64, 0x37, 0x6C, 0x33, 0x6C, 0x33, 0x6C, 0x3B, 0x78, 0x63, 0x00,
    0x03, 0x04, 0x01, 0xFC, 0x00, 0x00, 0x00, 0x00, 0x00, 0x00, 0x19, 0x10,
    0x19, 0x30, 0x11, 0x30, 0x39, 0x30, 0x2D, 0x78, 0x65, 0xCC, 0x41, 0x84,
    0x01, 0x00, 0x3F, 0xF8, 0x01, 0x00, 0x01, 0x00, 0x01, 0x00, 0x7F, 0xFC,
    0x00, 0x00, 0x00, 0x00, 0x10, 0x40, 0x10, 0x40, 0x10, 0x40, 0x13, 0xF8,
    0x78, 0x48, 0x30, 0x48, 0x10, 0x48, 0x10, 0x48, 0x17, 0xFC, 0x18, 0xE0,
    0x38, 0xA0, 0x61, 0xB0, 0x03, 0x18, 0x06, 0x0C, 0x04, 0x04, 0x00, 0x00,
    0x00, 0x00, 0x7F, 0x68, 0x12, 0x68, 0x12, 0x68, 0x7F, 0xE8, 0x12, 0x68,
    0x32, 0x08, 0x62, 0x08, 0x41, 0x38, 0x01, 0x00, 0x3F, 0xF8, 0x01, 0x00,
    0x01, 0x00, 0x7F, 0xFC, 0x00, 0x00, 0x00, 0x00, 0x00, 0x20, 0x20, 0x28,
    0x20, 0x24, 0x27, 0xFC, 0x20, 0x20, 0x7F, 0xA4, 0x24, 0xAC, 0x24, 0xA8,
    0x24, 0xB8, 0x27, 0xB8, 0x38, 0x30, 0x73, 0xF0, 0x4E, 0x74, 0x00, 0xDC,
    0x00, 0x8C, 0x00, 0x00, 0x20, 0x40, 0x30, 0x40, 0x33, 0xFC, 0x30, 0x40,
    0x7B, 0xF8, 0x33, 0xF8, 0x32, 0x08, 0x33, 0xF8, 0x32, 0x08, 0x33, 0xF8,
    0x3A, 0x08, 0x77, 0xFC, 0x41, 0x90, 0x03, 0x18, 0x04, 0x04, 0x00, 0x00,
    0x00, 0x40, 0x33, 0xFC, 0x31, 0x10, 0x31, 0x90, 0x7F, 0xFC, 0x30, 0x00,
    0x33, 0xF8, 0x32, 0x08, 0x33, 0xF8, 0x32, 0x08, 0x3B, 0xF8, 0x70, 0xA0,
    0x41, 0xA4, 0x03, 0x24, 0x06, 0x3C, 0x00, 0x00, 0x00, 0x88, 0x18, 0x88,
    0x19, 0xFE, 0x1B, 0x26, 0x3F, 0xAE, 0x1B, 0x6E, 0x1B, 0x26, 0x19, 0xFE,
    0x18, 0x00, 0x19, 0xFC, 0x1D, 0x84, 0x39, 0xFC, 0x21, 0x84, 0x01, 0xFC,
    0x01, 0x04, 0x00, 0x00, 0x10, 0x40, 0x10, 0x40, 0x10, 0x40, 0x1F, 0x40,
    0x33, 0x60, 0x32, 0x70, 0x32, 0x78, 0x76, 0x48, 0x5C, 0x44, 0x0C, 0x40,
    0x0C, 0x40, 0x1E, 0x40, 0x33, 0x80, 0x60, 0xFC, 0x40, 0x00, 0x00, 0x00,
    0x04, 0x00, 0x04, 0x00, 0x0F, 0xF0, 0x18, 0x20, 0x66, 0xC0, 0x03, 0x80,
    0x1E, 0xF0, 0x70, 0x1C, 0x1F, 0xF0, 0x11, 0x10, 0x1F, 0xF0, 0x11, 0x10,
    0x11, 0x10, 0x1F, 0xF0, 0x10, 0x10, 0x00, 0x00, 0x08, 0x00, 0x1F, 0xFC,
    0x20, 0x00, 0x7F, 0xF0, 0x10, 0x18, 0x1F, 0xF8, 0x10, 0x18, 0x1F, 0xF8,
    0x0C, 0x00, 0x0F, 0xF0, 0x38, 0x30, 0x26, 0x60, 0x03, 0xC0, 0x0F, 0xF0,
    0x78, 0x3C, 0x00, 0x00, 0x10, 0x40, 0x10, 0x40, 0x10, 0x40, 0x1F, 0x40,
    0x33, 0x40, 0x22, 0x60, 0x62, 0x70, 0x52, 0x58, 0x0E, 0x4C, 0x04, 0x40,
    0x0C, 0x40, 0x18, 0x40, 0x30, 0x40, 0x60, 0x40, 0x40, 0x40, 0x00, 0x00,
    0x01, 0x00, 0x03, 0x00, 0x07, 0xF0, 0x18, 0x20, 0x34, 0xC0, 0x03, 0x80,
    0x0E, 0xC0, 0x79, 0xFC, 0x03, 0x0C, 0x0E, 0x18, 0x19, 0xB0, 0x00, 0xE0,
    0x03, 0xC0, 0x3E, 0x00, 0x70, 0x00, 0x00, 0x00, 0x01, 0x00, 0x01, 0x00,
    0x01, 0x00, 0x01, 0x00, 0x01, 0x00, 0x7F, 0xFC, 0x03, 0x80, 0x03, 0x80,
    0x02, 0xC0, 0x06, 0xC0, 0x04, 0x60, 0x0C, 0x30, 0x18, 0x18, 0x70, 0x1C,
    0x40, 0x04, 0x00, 0x00, 0x01, 0x00, 0x19, 0x00, 0x11, 0x00, 0x3F, 0xF8,
    0x21, 0x00, 0x61, 0x00, 0x01, 0x00, 0x7F, 0xFC, 0x03, 0x80, 0x02, 0x80,
    0x06, 0xC0, 0x0C, 0x60, 0x18, 0x30, 0x70, 0x1C, 0x40, 0x04, 0x00, 0x00,
    0x01, 0x00, 0x02, 0x00, 0x7F, 0xFC, 0x0C, 0x60, 0x1F, 0xF0, 0x78, 0x0C,
    0x4F, 0xE4, 0x08, 0x00, 0x0F, 0xE0, 0x08, 0x00, 0x7F, 0xFC, 0x0C, 0x20,
    0x18, 0x30, 0x3F, 0xF8, 0x00, 0x08, 0x00, 0x00, 0x08, 0x00, 0x08, 0x00,
    0x08, 0x7E, 0x08, 0x42, 0x3F, 0x42, 0x19, 0x42, 0x11, 0x42, 0x13, 0x42,
    0x12, 0x42, 0x1A, 0x42, 0x0E, 0x42, 0x06, 0x42, 0x0B, 0x7E, 0x30, 0x42,
    0x20, 0x00, 0x00, 0x00, 0x10, 0x40, 0x30, 0x40, 0x30, 0xC0, 0x20, 0x90,
    0x7D, 0x88, 0x25, 0x0C, 0x6F, 0xFC, 0x48, 0x00, 0x69, 0xFC, 0x39, 0x0C,
    0x19, 0x0C, 0x1D, 0x0C, 0x25, 0x0C, 0x61, 0xFC, 0x41, 0x08, 0x00, 0x00,
    0x00, 0x00, 0x3F, 0xF8, 0x00, 0x38, 0x00, 0x60, 0x01, 0xC0, 0x01, 0x00,
    0x01, 0x00, 0x7F, 0xFC, 0x01, 0x00, 0x01, 0x00, 0x01, 0x00, 0x01, 0x00,
    0x01, 0x00, 0x01, 0x00, 0x0F, 0x00, 0x00, 0x00, 0x01, 0x00, 0x01, 0x00,
    0x7F, 0xFC, 0x40, 0x0C, 0x40, 0x0C, 0x1F, 0xE0, 0x00, 0x60, 0x01, 0x80,
    0x01, 0x00, 0x7F, 0xFC, 0x01, 0x00, 0x01, 0x00, 0x01, 0x00, 0x01, 0x00,
    0x0F, 0x00, 0x00, 0x00, 0x02, 0x00, 0x06, 0x00, 0x7F, 0xFC, 0x0C, 0x00,
    0x08, 0x00, 0x1B, 0xF8, 0x10, 0x10, 0x30, 0x60, 0x70, 0x40, 0x17, 0xFC,
    0x10, 0x40, 0x10, 0x40, 0x10, 0x40, 0x10, 0x40, 0x11, 0xC0, 0x00, 0x00,
    0x01, 0x00, 0x01, 0x00, 0x7F, 0xFC, 0x60, 0x0C, 0x60, 0x0C, 0x18, 0x00,
    0x18, 0x20, 0x19, 0xE0, 0x1F, 0x00, 0x18, 0x00, 0x18, 0x00, 0x18, 0x08,
    0x18, 0x08, 0x0F, 0xF8, 0x00, 0x00, 0x00, 0x00, 0x01, 0x00, 0x01, 0x00,
    0x7F, 0xFC, 0x60, 0x0C, 0x40, 0x0C, 0x5F, 0xF4, 0x00, 0x00, 0x00, 0x00,
    0x7F, 0xFC, 0x04, 0x40, 0x04, 0x40, 0x0C, 0x40, 0x08, 0x44, 0x18, 0x44,
    0x70, 0x7C, 0x00, 0x00, 0x01, 0x00, 0x01, 0x00, 0x7F, 0xFC, 0x60, 0x0C,
    0x40, 0x0C, 0x1F, 0xF0, 0x01, 0x00, 0x01, 0x00, 0x11, 0x00, 0x11, 0xF8,
    0x19, 0x00, 0x39, 0x00, 0x27, 0x00, 0x43, 0xFC, 0x00, 0x00, 0x00, 0x00,
    0x01, 0x00, 0x01, 0x00, 0x7F, 0xFC, 0x60, 0x0C, 0x69, 0x8C, 0x05, 0x80,
    0x31, 0x80, 0x19, 0x00, 0x01, 0x00, 0x7F, 0xFC, 0x03, 0x00, 0x06, 0xE0,
    0x0C, 0x30, 0x38, 0x0C, 0x20, 0x00, 0x00, 0x00, 0x01, 0x00, 0x01, 0x00,
    0x7F, 0xFC, 0x60, 0x0C, 0x40, 0x0C, 0x1F, 0xF0, 0x10, 0x10, 0x1F, 0xF0,
    0x00, 0x00, 0x00, 0x00, 0x3F, 0xF8, 0x30, 0x08, 0x30, 0x08, 0x3F, 0xF8,
    0x00, 0x08, 0x00, 0x00, 0x00, 0x18, 0x00, 0x18, 0x7E, 0x18, 0x06, 0x18,
    0x07, 0xFC, 0x06, 0x18, 0x24, 0x18, 0x34, 0x98, 0x1C, 0x98, 0x0C, 0xD8,
    0x1C, 0x58, 0x16, 0x18, 0x32, 0x18, 0x60, 0x18, 0x40, 0x70, 0x00, 0x00,
    0x00, 0x00, 0x3F, 0xF0, 0x20, 0x10, 0x20, 0x10, 0x3F, 0xF0, 0x20, 0x0C,
    0x3F, 0xF8, 0x00, 0x20, 0x00, 0x20, 0x7F, 0xFC, 0x18, 0x20, 0x0C, 0x20,
    0x04, 0x20, 0x04, 0x20, 0x01, 0xE0, 0x00, 0x00, 0x00, 0x00, 0x18, 0x08,
    0x3E, 0x08, 0x22, 0x18, 0x3F, 0xFC, 0x22, 0x08, 0x3E, 0x08, 0x22, 0xC8,
    0x22, 0x48, 0x7E, 0x68, 0x0E, 0x08, 0x1A, 0x08, 0x32, 0x08, 0x42, 0x18,
    0x0E, 0x70, 0x00, 0x00, 0x18, 0x40, 0x18, 0xFC, 0x5B, 0x08, 0x7E, 0x98,
    0x38, 0xF0, 0x18, 0xE0, 0x1B, 0x90, 0x1A, 0x10, 0x1F, 0xFC, 0x38, 0x18,
    0x5B, 0x10, 0x19, 0x90, 0x18, 0x90, 0x18, 0x10, 0x18, 0x70, 0x00, 0x00,
    0x00, 0x00, 0x01, 0x00, 0x01, 0x00, 0x01, 0x00, 0x11, 0x10, 0x11, 0x10,
    0x31, 0x18, 0x31, 0x08, 0x21, 0x0C, 0x61, 0x04, 0x41, 0x04, 0x01, 0x04,
    0x01, 0x00, 0x01, 0x00, 0x0F, 0x00, 0x00, 0x00, 0x00, 0x00, 0x01, 0x00,
    0x01, 0x00, 0x11, 0x00, 0x11, 0x10, 0x31, 0x18, 0x21, 0x08, 0x61, 0x04,
    0x01, 0x00, 0x01, 0x10, 0x00, 0x20, 0x00, 0xC0, 0x07, 0x80, 0x7C, 0x00,
    0x60, 0x00, 0x00, 0x00, 0x08, 0x00, 0x08, 0x00, 0x18, 0x00, 0x1F, 0xFC,
    0x31, 0x0C, 0x61, 0x08, 0x41, 0x18, 0x09, 0x20, 0x19, 0x10, 0x11, 0x18,
    0x31, 0x08, 0x61, 0x0C, 0x41, 0x04, 0x01, 0x00, 0x07, 0x00, 0x00, 0x00,
    0x21, 0x18, 0x11, 0x10, 0x19, 0x30, 0x01, 0x00, 0x3F, 0xF8, 0x20, 0x08,
    0x20, 0x08, 0x27, 0xC8, 0x24, 0x48, 0x24, 0x48, 0x27, 0xC8, 0x24, 0x08,
    0x20, 0x08, 0x20, 0x38, 0x00, 0x00, 0x00, 0x00, 0x00, 0x00, 0x08, 0x28,
    0x7F, 0x2C, 0x00, 0x20, 0x3E, 0xFC, 0x22, 0x20, 0x22, 0x70, 0x3E, 0x70,
    0x08, 0x70, 0x2A, 0x50, 0x2A, 0x50, 0x4A, 0xD0, 0x48, 0x96, 0x09, 0x9C,
    0x19, 0x00, 0x00, 0x00, 0x00, 0x00, 0x3F, 0xF8, 0x20, 0x08, 0x20, 0x08,
    0x3F, 0xF8, 0x20, 0x00, 0x2F, 0xF8, 0x20, 0x00, 0x20, 0x00, 0x2F, 0xFC,
    0x23, 0x00, 0x66, 0x10, 0x44, 0x18, 0x4F, 0xF8, 0x4C, 0x08, 0x00, 0x00,
    0x00, 0x00, 0x3F, 0xF8, 0x20, 0x08, 0x20, 0x08, 0x3F, 0xF8, 0x26, 0x10,
    0x22, 0x30, 0x2F, 0xFC, 0x22, 0x20, 0x22, 0x20, 0x3F, 0xFC, 0x62, 0x20,
    0x66, 0x20, 0x4C, 0x20, 0x48, 0x20, 0x00, 0x00, 0x00, 0x00, 0x3F, 0xF8,
    0x20, 0x08, 0x20, 0x08, 0x3F, 0xF8, 0x22, 0x20, 0x3F, 0xFC, 0x22, 0x20,
    0x22, 0x20, 0x3F, 0xFC, 0x24, 0xC8, 0x64, 0x70, 0x64, 0x30, 0x4F, 0x9C,
    0x4C, 0x04, 0x00, 0x00, 0x00, 0x00, 0x00, 0x00, 0x7F, 0xFC, 0x01, 0x00,
    0x01, 0x00, 0x01, 0x00, 0x01, 0x00, 0x01, 0x00, 0x01, 0x00, 0x01, 0x00,
    0x01, 0x00, 0x01, 0x00, 0x7F, 0xFC, 0x00, 0x00, 0x00, 0x00, 0x00, 0x00,
    0x00, 0x00, 0x06, 0x00, 0x04, 0x00, 0x7F, 0xFC, 0x04, 0x00, 0x0C, 0x00,
    0x08, 0x00, 0x0F, 0xFC, 0x18, 0xC0, 0x10, 0xC0, 0x30, 0xC0, 0x60, 0xC0,
    0x40, 0xC0, 0x1F, 0xFC, 0x00, 0x00, 0x00, 0x00, 0x00, 0x00, 0x7F, 0xF0,
    0x00, 0x10, 0x00, 0x10, 0x20, 0x10, 0x20, 0x10, 0x30, 0x10, 0x3F, 0xF0,
    0x20, 0x10, 0x20, 0x00, 0x20, 0x04, 0x20, 0x04, 0x30, 0x0C, 0x1F, 0xF8,
    0x00, 0x00, 0x00, 0x00, 0x10, 0x20, 0x10, 0x20, 0x10, 0x3C, 0x7C, 0x20,
    0x55, 0xF8, 0x55, 0x08, 0x55, 0x28, 0x55, 0x28, 0x55, 0x28, 0x55, 0x28,
    0x5D, 0x68, 0x10, 0x40, 0x10, 0xD8, 0x13, 0x8C, 0x12, 0x04, 0x00, 0x00,
    0x04, 0x00, 0x3F, 0xBE, 0x04, 0x24, 0x04, 0x2C, 0x3F, 0xAC, 0x04, 0x26,
    0x3F, 0xA2, 0x08, 0x3C, 0x30, 0xA0, 0x1F, 0xFC, 0x18, 0x84, 0x10, 0x84,
    0x10, 0x84, 0x10, 0x9C, 0x00, 0x80, 0x00, 0x00, 0x01, 0x00, 0x11, 0x10,
    0x19, 0x30, 0x7F, 0xFC, 0x40, 0x04, 0x4F, 0xF4, 0x08, 0x30, 0x0F, 0xF0,
    0x01, 0x00, 0x01, 0x00, 0x3F, 0xF8, 0x31, 0x08, 0x31, 0x08, 0x21, 0x38,
    0x01, 0x00, 0x00, 0x00, 0x0C, 0x60, 0x7F, 0xFC, 0x0C, 0x60, 0x1F, 0xF8,
    0x10, 0x18, 0x1F, 0xF8, 0x10, 0x18, 0x1F, 0xF8, 0x04, 0x00, 0x7F, 0xFC,
    0x19, 0x30, 0x7F, 0xFC, 0x11, 0x10, 0x11, 0x70, 0x01, 0x00, 0x00, 0x00,
    0x00, 0x00, 0x3F, 0xFC, 0x01, 0x00, 0x01, 0x00, 0x01, 0x00, 0x01, 0x00,
    0x01, 0x00, 0x7F, 0xFC, 0x01, 0x00, 0x01, 0x00, 0x01, 0x00, 0x01, 0x00,
    0x01, 0x00, 0x01, 0x00, 0x01, 0x00, 0x00, 0x00, 0x00, 0x20, 0x08, 0x30,
    0x0C, 0x20, 0x0C, 0x60, 0x7F, 0xFC, 0x0C, 0x60, 0x0C, 0x60, 0x0C, 0x60,
    0x7F, 0xFC, 0x08, 0x60, 0x08, 0x60, 0x18, 0x60, 0x10, 0x60, 0x70, 0x60,
    0x40, 0x20, 0x00, 0x00, 0x00, 0x00, 0x01, 0x80, 0x3F, 0xFC, 0x20, 0x00,
    0x2F, 0xF8, 0x20, 0x30, 0x23, 0xE0, 0x21, 0xC0, 0x3F, 0xFC, 0x20, 0x88,
    0x60, 0x98, 0x60, 0x90, 0x40, 0x80, 0x40, 0x80, 0x47, 0x80, 0x00, 0x00,
    0x01, 0x00, 0x01, 0x80, 0x3F, 0xFC, 0x21, 0x00, 0x21, 0x00, 0x2F, 0xFC,
    0x22, 0x00, 0x24, 0x40, 0x27, 0xF8, 0x20, 0x40, 0x60, 0x40, 0x7F, 0xFC,
    0x40, 0x40, 0x40, 0x40, 0x40, 0x40, 0x00, 0x00, 0x01, 0x00, 0x01, 0x80,
    0x3F, 0xFC, 0x20, 0x00, 0x20, 0x08, 0x29, 0x88, 0x28, 0x98, 0x2C, 0x98,
    0x24, 0x90, 0x24, 0xD0, 0x26, 0x20, 0x60, 0x20, 0x40, 0x60, 0x5F, 0xFC,
    0x40, 0x00, 0x00, 0x00, 0x01, 0x00, 0x01, 0x80, 0x3F, 0xFC, 0x22, 0x00,
    0x22, 0x30, 0x3F, 0xFC, 0x22, 0x30, 0x23, 0xF0, 0x20, 0x00, 0x2F, 0xF8,
    0x26, 0x10, 0x63, 0x60, 0x41, 0xC0, 0x5F, 0xFC, 0x58, 0x0C, 0x00, 0x00,
    0x00, 0x40, 0x78, 0x40, 0x1B, 0xF8, 0x10, 0x48, 0x37, 0xFC, 0x20, 0x48,
    0x7B, 0xF8, 0x08, 0x40, 0x5B, 0xF8, 0x70, 0x40, 0x37, 0xFC, 0x30, 0x40,
    0x3C, 0x00, 0x47, 0xFC, 0x00, 0x00, 0x00, 0x00, 0x00, 0x00, 0x7F, 0xFC,
    0x0C, 0x20, 0x0C, 0x20, 0x0C, 0x20, 0x0C, 0x20, 0x0C, 0x20, 0x7F, 0xFC,
    0x0C, 0x20, 0x08, 0x20, 0x08, 0x20, 0x18, 0x20, 0x30, 0x20, 0x60, 0x20,
    0x40, 0x20, 0x00, 0x00, 0x00, 0x00, 0x3F, 0xF0, 0x20, 0x10, 0x20, 0x10,
    0x3F, 0xF0, 0x20, 0x0C, 0x1F, 0xF8, 0x00, 0x00, 0x08, 0x20, 0x08, 0x20,
    0x7F, 0xFC, 0x18, 0x20, 0x10, 0x20, 0x70, 0x20, 0x40, 0x20, 0x00, 0x00,
    0x01, 0x00, 0x01, 0x00, 0x7F, 0xFC, 0x04, 0x40, 0x18, 0x30, 0x3F, 0xF8,
    0x38, 0x08, 0x08, 0x20, 0x08, 0x60, 0x7F, 0xFC, 0x08, 0x60, 0x08, 0x60,
    0x18, 0x60, 0x70, 0x60, 0x40, 0x20, 0x00, 0x00, 0x00, 0xD0, 0x00, 0xD8,
    0x00, 0xC8, 0x7F, 0xFC, 0x00, 0xC0, 0x00, 0x40, 0x00, 0x40, 0x7F, 0x40,
    0x08, 0x40, 0x08, 0x60, 0x08, 0x60, 0x08, 0x24, 0x0F, 0x34, 0x7C, 0x14,
    0x00, 0x1C, 0x00, 0x00, 0x01, 0x00, 0x21, 0x08, 0x31, 0x18, 0x11, 0x10,
    0x19, 0x30, 0x01, 0x00, 0x3F, 0xF8, 0x00, 0x08, 0x00, 0x08, 0x3F, 0xF8,
    0x00, 0x08, 0x00, 0x08, 0x00, 0x08, 0x3F, 0xF8, 0x00, 0x08, 0x00, 0x00,
    0x00, 0x00, 0x3F, 0xF0, 0x00, 0x10, 0x00, 0x10, 0x3F, 0xF0, 0x00, 0x10,
    0x7F, 0xFC, 0x01, 0x00, 0x31, 0x98, 0x19, 0xB0, 0x03, 0xE0, 0x0F, 0x60,
    0x39, 0x38, 0x61, 0x0C, 0x07, 0x00, 0x00, 0x00, 0x00, 0x08, 0x7F, 0x98,
    0x32, 0x30, 0x12, 0x60, 0x12, 0x00, 0x12, 0x0C, 0x7F, 0x98, 0x32, 0x70,
    0x32, 0x40, 0x32, 0x04, 0x22, 0x0C, 0x22, 0x18, 0x62, 0x30, 0x42, 0xE0,
    0x42, 0x80, 0x00, 0x00, 0x00, 0x00, 0x3F, 0x08, 0x3F, 0x30, 0x21, 0x60,
    0x3F, 0x00, 0x08, 0x0C, 0x7F, 0x98, 0x00, 0x30, 0x3F, 0x60, 0x21, 0x04,
    0x3F, 0x0C, 0x2C, 0x08, 0x2D, 0x30, 0x4D, 0x60, 0x18, 0x40, 0x00, 0x00,
    0x08, 0x00, 0x13, 0xF8, 0x30, 0x18, 0x40, 0x30, 0x18, 0x60, 0x11, 0xF0,
    0x37, 0x0C, 0x74, 0x00, 0x53, 0xF8, 0x10, 0x40, 0x10, 0x40, 0x10, 0x40,
    0x10, 0x40, 0x17, 0xFC, 0x10, 0x00, 0x00, 0x00, 0x10, 0x40, 0x63, 0xFC,
    0x48, 0x40, 0x18, 0x40, 0x17, 0xFC, 0x30, 0x10, 0x70, 0x10, 0x57, 0xFC,
    0x10, 0x10, 0x13, 0x10, 0x11, 0x10, 0x11, 0x90, 0x10, 0x10, 0x10, 0x70,
    0x00, 0x00, 0x00, 0x00, 0x10, 0x08, 0x33, 0xF8, 0x26, 0x60, 0x44, 0x20,
    0x17, 0xFC, 0x34, 0x60, 0x34, 0x60, 0x75, 0xFC, 0x75, 0x0C, 0x35, 0xFC,
    0x35, 0x0C, 0x35, 0xFC, 0x35, 0x0C, 0x3D, 0xFC, 0x31, 0x08, 0x00, 0x00,
    0x00, 0x00, 0x06, 0x00, 0x03, 0x00, 0x01, 0x80, 0x00, 0xC0, 0x0C, 0x00,
    0x2C, 0x08, 0x2C, 0x08, 0x6C, 0x0C, 0x6C, 0x04, 0x4C, 0x34, 0x4C, 0x30,
    0x0C, 0x30, 0x07, 0xE0, 0x00, 0x00, 0x00, 0x00, 0x01, 0x00, 0x01, 0x00,
    0x01, 0x00, 0x7F, 0xFC, 0x01, 0x00, 0x01, 0x00, 0x3F, 0xF8, 0x00, 0x00,
    0x03, 0x00, 0x09, 0x80, 0x28, 0xD8, 0x28, 0x08, 0x68, 0x3C, 0x48, 0x34,
    0x0F, 0xE0, 0x00, 0x00, 0x08, 0x00, 0x08, 0x00, 0x1F, 0xF8, 0x32, 0x48,
    0x64, 0xC8, 0x0C, 0x88, 0x19, 0x98, 0x33, 0x18, 0x06, 0x70, 0x01, 0x00,
    0x29, 0x98, 0x68, 0x88, 0x48, 0x2C, 0x48, 0x24, 0x0F, 0xE0, 0x00, 0x00,
    0x00, 0x00, 0x01, 0x00, 0x7F, 0xFC, 0x03, 0x80, 0x02, 0xC0, 0x04, 0x60,
    0x0F, 0x30, 0x71, 0x9C, 0x40, 0x04, 0x29, 0x18, 0x29, 0x88, 0x28, 0x88,
    0x68, 0x3C, 0x4F, 0xE4, 0x00, 0x00, 0x00, 0x00, 0x10, 0x40, 0x11, 0x60,
    0x13, 0x60, 0x3B, 0x60, 0x7B, 0xFC, 0x56, 0x60, 0x56, 0x60, 0x10, 0x60,
    0x13, 0xFC, 0x10, 0x60, 0x10, 0x60, 0x10, 0x60, 0x10, 0x60, 0x17, 0xFC,
    0x10, 0x00, 0x00, 0x00, 0x08, 0x20, 0x0C, 0x60, 0x04, 0x40, 0x1F, 0xF0,
    0x10, 0x10, 0x10, 0x10, 0x10, 0x10, 0x1F, 0xF0, 0x00, 0x00, 0x01, 0x00,
    0x28, 0x98, 0x28, 0x88, 0x68, 0x04, 0x4C, 0x34, 0x07, 0xE0, 0x00, 0x00,
    0x10, 0x00, 0x13, 0xFC, 0x10, 0x00, 0x58, 0x00, 0x5F, 0xF8, 0x57, 0x08,
    0x53, 0x08, 0x13, 0xF8, 0x13, 0x08, 0x13, 0x08, 0x13, 0xF8, 0x10, 0x00,
    0x10, 0x00, 0x17, 0xFC, 0x10, 0x00, 0x00, 0x00, 0x10, 0x00, 0x31, 0x80,
    0x31, 0x80, 0x3F, 0xFC, 0x79, 0x00, 0x79, 0x20, 0x73, 0x64, 0x72, 0xAC,
    0x32, 0xA8, 0x36, 0xA8, 0x34, 0x30, 0x3C, 0x70, 0x30, 0xD8, 0x31, 0x8C,
    0x31, 0x04, 0x00, 0x00, 0x20, 0x40, 0x27, 0xFC, 0x30, 0x40, 0x7F, 0xFC,
    0x68, 0x40, 0x67, 0xFC, 0x60, 0x00, 0x23, 0xF8, 0x22, 0x08, 0x23, 0xF8,
    0x22, 0x08, 0x23, 0xF8, 0x22, 0x08, 0x22, 0x08, 0x22, 0x38, 0x00, 0x00,
    0x00, 0x00, 0x18, 0xFC, 0x18, 0x8C, 0x7E, 0xFC, 0x18, 0x8C, 0x3C, 0x8C,
    0x3A, 0xFC, 0x58, 0x8C, 0x18, 0xFC, 0x03, 0x00, 0x29, 0x88, 0x68, 0xAC,
    0x4C, 0x24, 0x0F, 0xE0, 0x00, 0x00, 0x00, 0x00, 0x01, 0x00, 0x3F, 0xF8,
    0x08, 0x20, 0x0C, 0x60, 0x7F, 0xFC, 0x00, 0x00, 0x1F, 0xF0, 0x10, 0x10,
    0x1F, 0xF0, 0x1F, 0xF0, 0x03, 0x00, 0x3D, 0x90, 0x2C, 0x88, 0x6C, 0x2C,
    0x47, 0xC0, 0x00, 0x00, 0x00, 0x98, 0x00, 0xC8, 0x3F, 0xFC, 0x20, 0xC0,
    0x20, 0xC8, 0x3E, 0xC8, 0x22, 0x58, 0x22, 0x50, 0x22, 0x60, 0x26, 0x64,
    0x6C, 0xE4, 0x61, 0xB4, 0x43, 0xB4, 0x42, 0x1C, 0x00, 0x00, 0x00, 0x00,
    0x00, 0x80, 0x00, 0xD8, 0x00, 0xC8, 0x7F, 0xFC, 0x00, 0xC0, 0x3E, 0xC8,
    0x22, 0x48, 0x22, 0x58, 0x22, 0x70, 0x3E, 0x70, 0x00, 0x60, 0x07, 0x64,
    0x7F, 0xF4, 0x61, 0x94, 0x03, 0x1C, 0x00, 0x00, 0x00, 0x80, 0x00, 0x80,
    0x00, 0xC0, 0x1F, 0xFC, 0x18, 0x0C, 0x18, 0x0C, 0x18, 0x0C, 0x1F, 0xFC,
    0x18, 0x0C, 0x18, 0x00, 0x10, 0x00, 0x10, 0x00, 0x30, 0x00, 0x20, 0x00,
    0x20, 0x00, 0x00, 0x00, 0x00, 0x00, 0x03, 0xF0, 0x3F, 0x80, 0x01, 0x00,
    0x01, 0x00, 0x3F, 0xF8, 0x01, 0x00, 0x01, 0x00, 0x01, 0x00, 0x7F, 0xFC,
    0x01, 0x00, 0x01, 0x00, 0x01, 0x00, 0x01, 0x00, 0x0F, 0x00, 0x00, 0x00,
    0x10, 0x00, 0x10, 0x00, 0x13, 0xFC, 0x7C, 0x30, 0x10, 0x30, 0x10, 0x30,
    0x10, 0x30, 0x1C, 0x30, 0x78, 0x30, 0x50, 0x30, 0x10, 0x30, 0x10, 0x30,
    0x10, 0x30, 0x10, 0x30, 0x70, 0xE0, 0x00, 0x00, 0x00, 0x00, 0x10, 0x80,
    0x10, 0x80, 0x10, 0x80, 0x7F, 0xF0, 0x10, 0x90, 0x10, 0x90, 0x13, 0x90,
    0x3B, 0x90, 0x71, 0xD0, 0x11, 0x70, 0x13, 0x10, 0x12, 0x1C, 0x36, 0x0C,
    0x7C, 0x0C, 0x00, 0x00, 0x10, 0x60, 0x10, 0x20, 0x7B, 0xFC, 0x33, 0x00,
    0x13, 0x00, 0x13, 0x00, 0x32, 0x00, 0x7A, 0x00, 0x72, 0x00, 0x12, 0x00,
    0x12, 0x00, 0x16, 0x00, 0x34, 0x00, 0x74, 0x00, 0x00, 0x00, 0x00, 0x00,
    0x12, 0x20, 0x12, 0x20, 0x12, 0x20, 0x7E, 0x20, 0x12, 0x2C, 0x13, 0xF8,
    0x12, 0x30, 0x1E, 0x20, 0x7A, 0x20, 0x52, 0x20, 0x12, 0x20, 0x12, 0x24,
    0x13, 0xA4, 0x13, 0x3C, 0x70, 0x00, 0x00, 0x00, 0x00, 0x00, 0x10, 0xB0,
    0x10, 0x98, 0x7C, 0xCC, 0x13, 0xFC, 0x12, 0xC0, 0x10, 0xC8, 0x1C, 0x58,
    0x78, 0x50, 0x50, 0x70, 0x10, 0x60, 0x10, 0xE4, 0x11, 0xB4, 0x13, 0x3C,
    0x72, 0x1C, 0x00, 0x00, 0x00, 0x00, 0x13, 0xFC, 0x12, 0x6C, 0x7A, 0x4C,
    0x32, 0x4C, 0x12, 0x4C, 0x12, 0x4C, 0x3F, 0xFC, 0x72, 0x0C, 0x72, 0x00,
    0x12, 0x00, 0x12, 0x06, 0x13, 0x04, 0x33, 0xFC, 0x70, 0x00, 0x00, 0x00,
    0x33, 0xF8, 0x32, 0xD8, 0x7E, 0x58, 0x32, 0x48, 0x32, 0x48, 0x32, 0x48,
    0x3E, 0x48, 0x7A, 0x48, 0x72, 0x48, 0x36, 0x48, 0x34, 0x48, 0x34, 0x4C,
    0x34, 0x44, 0x64, 0x44, 0x00, 0x00, 0x00, 0x00, 0x10, 0x40, 0x10, 0x60,
    0x10, 0xB0, 0x7D, 0x90, 0x13, 0x18, 0x16, 0x0C, 0x11, 0xFC, 0x1D, 0x10,
    0x79, 0x10, 0x71, 0x10, 0x11, 0x70, 0x11, 0x04, 0x11, 0x0C, 0x11, 0xF8,
    0x70, 0x00, 0x00, 0x00, 0x00, 0x00, 0x13, 0xF8, 0x13, 0x08, 0x7F, 0x08,
    0x13, 0x78, 0x13, 0x00, 0x13, 0xFC, 0x1F, 0x8C, 0x7B, 0xC8, 0x53, 0x48,
    0x13, 0x70, 0x13, 0x30, 0x13, 0x30, 0x13, 0xCC, 0x73, 0x84, 0x00, 0x00,
    0x00, 0x00, 0x10, 0x40, 0x10, 0x40, 0x7B, 0xFC, 0x10, 0x00, 0x11, 0x08,
    0x11, 0x18, 0x19, 0x98, 0x79, 0x90, 0x70, 0x90, 0x10, 0x90, 0x10, 0x90,
    0x10, 0x30, 0x17, 0xFE, 0x70, 0x00, 0x00, 0x00, 0x00, 0x00, 0x31, 0x00,
    0x33, 0xFC, 0x7A, 0x00, 0x36, 0x60, 0x35, 0x68, 0x31, 0x78, 0x39, 0xE8,
    0x7B, 0xE8, 0x77, 0x68, 0x31, 0x68, 0x31, 0x78, 0x31, 0x04, 0x31, 0x04,
    0x61, 0xFC, 0x00, 0x00, 0x00, 0x00, 0x32, 0x08, 0x32, 0x88, 0x7A, 0xC8,
    0x32, 0x48, 0x32, 0x48, 0x32, 0x18, 0x3A, 0x18, 0x72, 0x18, 0x72, 0x58,
    0x33, 0xB8, 0x33, 0x2C, 0x36, 0x64, 0x30, 0x44, 0x60, 0x80, 0x00, 0x00,
    0x00, 0x00, 0x30, 0x60, 0x33, 0xFC, 0x78, 0x60, 0x30, 0x60, 0x37, 0xFC,
    0x30, 0x18, 0x38, 0x18, 0x77, 0xFC, 0x30, 0x18, 0x31, 0x18, 0x31, 0x98,
    0x30, 0x98, 0x30, 0x18, 0x60, 0x70, 0x00, 0x00, 0x00, 0x00, 0x11, 0x38,
    0x11, 0xE0, 0x7D, 0x04, 0x11, 0x04, 0x11, 0xFC, 0x10, 0x00, 0x1C, 0x00,
    0x79, 0xFC, 0x71, 0x0C, 0x11, 0xFC, 0x11, 0x0C, 0x11, 0x0C, 0x11, 0xFC,
    0x71, 0x04, 0x00, 0x00, 0x00, 0x00, 0x10, 0x60, 0x13, 0xFC, 0x7E, 0x04,
    0x12, 0xC4, 0x10, 0x80, 0x17, 0xFC, 0x1D, 0x98, 0x79, 0x10, 0x73, 0x10,
    0x11, 0xB0, 0x10, 0xE0, 0x10, 0xF0, 0x11, 0x98, 0x73, 0x04, 0x00, 0x00,
    0x00, 0x00, 0x31, 0x80, 0x31, 0xF8, 0x7B, 0x30, 0x37, 0xF8, 0x32, 0x48,
    0x32, 0x48, 0x3A, 0x48, 0x7A, 0x48, 0x77, 0xFC, 0x30, 0xE0, 0x30, 0xA0,
    0x31, 0x10, 0x36, 0x18, 0x6C, 0x04, 0x00, 0x00, 0x00, 0x00, 0x33, 0xFC,
    0x32, 0x04, 0x7A, 0x04, 0x33, 0xFC, 0x32, 0x20, 0x32, 0x20, 0x3B, 0xFC,
    0x7A, 0x20, 0x72, 0x20, 0x37, 0xFC, 0x37, 0x04, 0x35, 0x04, 0x3D, 0xFC,
    0x61, 0x04, 0x00, 0x00, 0x30, 0x40, 0x30, 0x7C, 0x78, 0x40, 0x33, 0xF8,
    0x32, 0x08, 0x33, 0xF8, 0x3E, 0x08, 0x7A, 0x08, 0x73, 0xF8, 0x30, 0x40,
    0x37, 0xFC, 0x30, 0x40, 0x30, 0x40, 0x60, 0x40, 0x00, 0x00, 0x00, 0x00,
    0x10, 0x90, 0x10, 0x90, 0x7F, 0x9C, 0x10, 0x90, 0x10, 0x90, 0x13, 0x9C,
    0x1C, 0x90, 0x78, 0x90, 0x70, 0x90, 0x13, 0x9C, 0x10, 0x90, 0x10, 0x90,
    0x10, 0x90, 0x70, 0x90, 0x00, 0x00, 0x00, 0x00, 0x10, 0x00, 0x37, 0xFC,
    0x36, 0x04, 0x7E, 0xA4, 0x31, 0x90, 0x33, 0x08, 0x32, 0x4C, 0x38, 0x40,
    0x7F, 0xFC, 0x70, 0xE0, 0x31, 0xF0, 0x31, 0x58, 0x36, 0x4C, 0x34, 0x44,
    0x60, 0x40, 0x00, 0x00, 0x30, 0x40, 0x33, 0xFC, 0x79, 0x10, 0x31, 0x90,
    0x30, 0x30, 0x37, 0xFC, 0x38, 0x80, 0x77, 0xFC, 0x31, 0x18, 0x33, 0x10,
    0x33, 0xB0, 0x30, 0xF0, 0x31, 0xF8, 0x67, 0x0C, 0x00, 0x00, 0x00, 0x00,
    0x00, 0x00, 0x30, 0x60, 0x37, 0xFC, 0x7E, 0x04, 0x36, 0x84, 0x31, 0x98,
    0x33, 0x0C, 0x3A, 0x00, 0x7B, 0xF8, 0x70, 0x40, 0x30, 0x40, 0x30, 0x40,
    0x30, 0x40, 0x37, 0xFC, 0x60, 0x00, 0x00, 0x00, 0x00, 0x00, 0x31, 0x20,
    0x31, 0x30, 0x7B, 0xFC, 0x37, 0x20, 0x37, 0x20, 0x37, 0xFC, 0x3B, 0x20,
    0x73, 0x20, 0x33, 0xFC, 0x33, 0x20, 0x33, 0x20, 0x33, 0x20, 0x33, 0xFC,
    0x63, 0x00, 0x00, 0x00, 0x33, 0xF8, 0x32, 0x08, 0x7B, 0xF8, 0x32, 0x08,
    0x33, 0xF8, 0x30, 0x00, 0x3F, 0xFC, 0x78, 0x40, 0x72, 0x40, 0x32, 0x78,
    0x33, 0x40, 0x37, 0x40, 0x34, 0xC0, 0x6C, 0x7C, 0x00, 0x00, 0x00, 0x00,
    0x00, 0x00, 0x27, 0xFC, 0x26, 0x0C, 0x7F, 0xFC, 0x36, 0x00, 0x27, 0xFC,
    0x26, 0xC0, 0x3E, 0x88, 0x7F, 0xFC, 0x64, 0x20, 0x24, 0x20, 0x25, 0xFC,
    0x2C, 0x20, 0x3B, 0xFC, 0x60, 0x00, 0x00, 0x00, 0x30, 0x10, 0x31, 0x90,
    0x37, 0xFC, 0x79, 0x80, 0x33, 0xF8, 0x32, 0x08, 0x33, 0xF8, 0x3A, 0x08,
    0x7B, 0xF8, 0x70, 0x40, 0x37, 0xFC, 0x30, 0xE0, 0x31, 0xB0, 0x33, 0x18,
    0x66, 0x0C, 0x00, 0x00, 0x30, 0x00, 0x31, 0xF0, 0x31, 0x10, 0x79, 0xF0,
    0x30, 0x00, 0x37, 0xBC, 0x34, 0xA4, 0x3C, 0xA4, 0x7F, 0xBC, 0x70, 0x40,
    0x37, 0xFC, 0x30, 0xF0, 0x33, 0x58, 0x3E, 0x4C, 0x60, 0x40, 0x00, 0x00,
    0x04, 0xC0, 0x04, 0xC0, 0x64, 0x80, 0x64, 0xFC, 0x65, 0x88, 0x65, 0x88,
    0x67, 0x98, 0x66, 0x50, 0x64, 0x50, 0x7C, 0x70, 0x7C, 0x20, 0x44, 0x70,
    0x04, 0xD8, 0x05, 0x8C, 0x05, 0x04, 0x00, 0x00, 0x00, 0x40, 0x7E, 0xC0,
    0x06, 0xC0, 0x06, 0xFC, 0x06, 0x88, 0x07, 0x88, 0x7F, 0xD8, 0x61, 0x58,
    0x60, 0x50, 0x60, 0x70, 0x60, 0x20, 0x6E, 0x70, 0x78, 0xD8, 0x61, 0x8C,
    0x01, 0x04, 0x00, 0x00, 0x18, 0x40, 0x08, 0xC0, 0x7E, 0xFC, 0x30, 0xC8,
    0x30, 0xC8, 0x3F, 0xC8, 0x37, 0x58, 0x36, 0x50, 0x36, 0x70, 0x26, 0x30,
    0x26, 0x70, 0x66, 0x58, 0x45, 0x8C, 0x5D, 0x04, 0x00, 0x00, 0x00, 0x00,
    0x18, 0x40, 0x18, 0xC0, 0x18, 0xC0, 0x7E, 0xFC, 0x19, 0x88, 0x19, 0x88,
    0x1B, 0xD8, 0x7F, 0x58, 0x46, 0x50, 0x46, 0x70, 0x46, 0x20, 0x46, 0x70,
    0x7E, 0xD8, 0x43, 0x8C, 0x02, 0x04, 0x00, 0x00, 0x08, 0x40, 0x2A, 0x40,
    0x2A, 0x40, 0x7F, 0x7C, 0x1C, 0xC8, 0x3A, 0xC8, 0x49, 0xC8, 0x11, 0x78,
    0x7E, 0x30, 0x32, 0x30, 0x36, 0x30, 0x1C, 0x70, 0x1E, 0xC8, 0x71, 0x8C,
    0x41, 0x00, 0x00, 0x00, 0x00, 0x00, 0x08, 0x40, 0x7F, 0x40, 0x08, 0x7C,
    0x7F, 0xC8, 0x4B, 0xF8, 0x7E, 0x30, 0x1C, 0x30, 0x6A, 0xCC, 0x48, 0x04,
    0x3F, 0xF8, 0x01, 0x00, 0x11, 0xF0, 0x11, 0x00, 0x7F, 0xFC, 0x00, 0x00,
    0x01, 0x00, 0x01, 0x00, 0x01, 0x00, 0x7F, 0xFC, 0x18, 0x30, 0x08, 0x20,
    0x0C, 0x60, 0x04, 0x40, 0x06, 0xC0, 0x03, 0x80, 0x03, 0x80, 0x06, 0xC0,
    0x1C, 0x70, 0x70, 0x1C, 0x40, 0x04, 0x00, 0x00, 0x10, 0x00, 0x08, 0x7C,
    0x7F, 0xE0, 0x26, 0x80, 0x24, 0x80, 0x7F, 0x80, 0x08, 0xFC, 0x08, 0x98,
    0x7F, 0x98, 0x08, 0x98, 0x2A, 0x98, 0x4A, 0x98, 0x09, 0x98, 0x19, 0x18,
    0x01, 0x08, 0x00, 0x00, 0x00, 0x80, 0x00, 0x80, 0x00, 0xC0, 0x3F, 0xFE,
    0x02, 0x00, 0x02, 0x00, 0x02, 0x00, 0x03, 0xFC, 0x06, 0x08, 0x06, 0x08,
    0x04, 0x08, 0x0C, 0x08, 0x08, 0x08, 0x18, 0x18, 0x30, 0xF0, 0x00, 0x00,
    0x00, 0x00, 0x3F, 0xF8, 0x03, 0x00, 0x03, 0x00, 0x03, 0x00, 0x03, 0x00,
    0x7F, 0xFC, 0x03, 0x80, 0x02, 0x80, 0x06, 0x80, 0x04, 0x80, 0x0C, 0x84,
    0x38, 0x84, 0x60, 0xFC, 0x00, 0x00, 0x00, 0x00, 0x00, 0x00, 0x1F, 0xF8,
    0x10, 0x18, 0x10, 0x18, 0x10, 0x18, 0x10, 0x18, 0x10, 0x18, 0x1F, 0xF8,
    0x10, 0x18, 0x10, 0x18, 0x10, 0x18, 0x10, 0x18, 0x1F, 0xF8, 0x10, 0x18,
    0x00, 0x00, 0x00, 0x00, 0x00, 0x00, 0x00, 0x18, 0x7C, 0x18, 0x47, 0xFC,
    0x44, 0x18, 0x44, 0x18, 0x7D, 0x98, 0x44, 0x98, 0x44, 0xD8, 0x44, 0x58,
    0x44, 0x18, 0x7C, 0x18, 0x40, 0x18, 0x00, 0x18, 0x00, 0x70, 0x00, 0x00,
    0x7D, 0xFC, 0x45, 0x84, 0x45, 0x84, 0x45, 0x84, 0x7D, 0xFC, 0x45, 0x84,
    0x45, 0x84, 0x45, 0x84, 0x45, 0xFC, 0x7D, 0x04, 0x41, 0x04, 0x03, 0x04,
    0x06, 0x04, 0x04, 0x3C, 0x00, 0x00, 0x00, 0x00, 0x00, 0x40, 0x78, 0x60,
    0x48, 0x60, 0x4B, 0xFC, 0x4B, 0x6C, 0x4B, 0x6C, 0x7B, 0x6C, 0x4B, 0x6C,
    0x4F, 0xFE, 0x48, 0x60, 0x48, 0x60, 0x78, 0x90, 0x41, 0x98, 0x07, 0x0C,
    0x04, 0x04, 0x00, 0x00, 0x00, 0x00, 0x3F, 0xF8, 0x30, 0x18, 0x3F, 0xF8,
    0x30, 0x18, 0x3F, 0xF8, 0x00, 0x00, 0x7F, 0xFC, 0x01, 0x00, 0x19, 0x00,
    0x11, 0xF8, 0x39, 0x00, 0x2F, 0x00, 0x63, 0xFC, 0x00, 0x00, 0x00, 0x00,
    0x00, 0x00, 0x3F, 0xF8, 0x30, 0x18, 0x30, 0x18, 0x3F, 0xF8, 0x30, 0x18,
    0x3F, 0xF8, 0x00, 0x00, 0x24, 0xC8, 0x24, 0xD8, 0x14, 0xD0, 0x14, 0xE0,
    0x06, 0xC0, 0x7F, 0xFC, 0x00, 0x00, 0x00, 0x00, 0x10, 0x08, 0x7F, 0xF8,
    0x20, 0xC0, 0x6C, 0xC0, 0x7F, 0xFC, 0x0C, 0x98, 0x7F, 0x98, 0x0C, 0x98,
    0x00, 0x00, 0x1F, 0xF0, 0x10, 0x10, 0x1F, 0xF0, 0x10, 0x10, 0x1F, 0xF0,
    0x10, 0x10, 0x00, 0x00, 0x04, 0x40, 0x04, 0x40, 0x04, 0x40, 0x7F, 0xFC,
    0x64, 0x4C, 0x64, 0x4C, 0x64, 0x4C, 0x64, 0x4C, 0x7F, 0xFC, 0x64, 0x4C,
    0x64, 0x4C, 0x64, 0x4C, 0x64, 0x4C, 0x7F, 0xFC, 0x60, 0x0C, 0x00, 0x00,
    0x1F, 0xF0, 0x10, 0x10, 0x1F, 0xF0, 0x10, 0x10, 0x1F, 0xF0, 0x00, 0x00,
    0x7F, 0xFC, 0x22, 0x00, 0x3E, 0xFC, 0x22, 0xC8, 0x3E, 0x48, 0x22, 0x70,
    0x23, 0x30, 0x7A, 0xDC, 0x02, 0x84, 0x00, 0x00, 0x06, 0x00, 0x7F, 0xFC,
    0x0C, 0x00, 0x08, 0x00, 0x1F, 0xF0, 0x18, 0x10, 0x38, 0x10, 0x6F, 0xF0,
    0x48, 0x10, 0x08, 0x10, 0x0F, 0xF0, 0x08, 0x10, 0x08, 0x10, 0x08, 0x70,
    0x00, 0x00, 0x00, 0x00, 0x00, 0x00, 0x00, 0x00, 0x08, 0xFC, 0x7F, 0x8C,
    0x20, 0xFC, 0x20, 0x8C, 0x26, 0xFC, 0x3D, 0x8C, 0x31, 0x18, 0x00, 0x00,
    0x3F, 0xF8, 0x01, 0x00, 0x3F, 0xF8, 0x01, 0x00, 0x7F, 0xFC, 0x00, 0x00,
    0x11, 0x3E, 0x3F, 0xA2, 0x11, 0x22, 0x11, 0x22, 0x1F, 0x3E, 0x11, 0x22,
    0x1F, 0x22, 0x11, 0x7E, 0x11, 0x62, 0x3F, 0xE2, 0x02, 0x42, 0x13, 0x42,
    0x31, 0xC2, 0x20, 0x4E, 0x00, 0x00, 0x00, 0x00, 0x01, 0x00, 0x01, 0x00,
    0x01, 0x00, 0x3F, 0xF8, 0x01, 0x00, 0x01, 0x00, 0x01, 0x00, 0x7F, 0xFC,
    0x03, 0x80, 0x07, 0xC0, 0x0D, 0x60, 0x19, 0x30, 0x71, 0x1C, 0x41, 0x04,
    0x01, 0x00, 0x00, 0x00, 0x01, 0x00, 0x01, 0x00, 0x01, 0x00, 0x01, 0x00,
    0x7F, 0xFC, 0x07, 0xC0, 0x05, 0x40, 0x0D, 0x60, 0x09, 0x20, 0x11, 0x10,
    0x31, 0x18, 0x7F, 0xFC, 0x01, 0x00, 0x01, 0x00, 0x01, 0x00, 0x00, 0x00,
    0x11, 0xF8, 0x11, 0x98, 0x11, 0x98, 0x7F, 0x98, 0x11, 0x98, 0x19, 0x98,
    0x39, 0x98, 0x3D, 0x98, 0x77, 0x18, 0x51, 0x18, 0x51, 0x1A, 0x13, 0x1A,
    0x12, 0x1A, 0x16, 0x0C, 0x00, 0x00, 0x00, 0x00, 0x10, 0x00, 0x10, 0x00,
    0x13, 0xFC, 0x11, 0x04, 0x7D, 0x0C, 0x11, 0x88, 0x38, 0x88, 0x3C, 0x98,
    0x36, 0xD0, 0x50, 0x70, 0xD0, 0x60, 0x10, 0x70, 0x10, 0xD8, 0x13, 0x0C,
    0x12, 0x04, 0x00, 0x00, 0x01, 0x00, 0x01, 0x00, 0x7F, 0xFC, 0x01, 0x00,
    0x01, 0x00, 0x3F, 0xF8, 0x21, 0x08, 0x21, 0x08, 0x3F, 0xF8, 0x03, 0x80,
    0x07, 0x40, 0x19, 0x30, 0x31, 0x18, 0x61, 0x0C, 0x01, 0x00, 0x00, 0x00,
    0x02, 0x00, 0x04, 0x00, 0x0F, 0xF0, 0x1C, 0x60, 0x76, 0xC0, 0x03, 0x80,
    0x0E, 0xE0, 0x79, 0x3C, 0x01, 0x00, 0x3F, 0xF8, 0x01, 0x00, 0x09, 0x20,
    0x11, 0x30, 0x21, 0x18, 0x07, 0x00, 0x00, 0x00, 0x01, 0x00, 0x01, 0x00,
    0x7F, 0xFC, 0x11, 0x10, 0x11, 0x10, 0x19, 0x30, 0x09, 0x20, 0x7F, 0xFC,
    0x03, 0x80, 0x05, 0x40, 0x0D, 0x60, 0x19, 0x30, 0x71, 0x1C, 0x41, 0x04,
    0x01, 0x00, 0x00, 0x00, 0x10, 0x18, 0x13, 0xF0, 0x13, 0x00, 0x7F, 0x00,
    0x13, 0x00, 0x33, 0xFC, 0x3B, 0x88, 0x3E, 0xC8, 0x72, 0x58, 0x52, 0x50,
    0x52, 0x70, 0x12, 0x30, 0x16, 0x78, 0x15, 0x8C, 0x15, 0x04, 0x00, 0x00,
    0x00, 0x00, 0x08, 0xC0, 0x08, 0x80, 0x3E, 0xFE, 0x09, 0x82, 0x1F, 0x42,
    0x1C, 0x42, 0x1E, 0xC2, 0x3A, 0x92, 0x28, 0xB2, 0x29, 0xFE, 0x08, 0x06,
    0x08, 0x06, 0x08, 0x04, 0x08, 0x1C, 0x00, 0x00, 0x10, 0x00, 0x10, 0x78,
    0x11, 0xE0, 0x11, 0x00, 0x7F, 0x00, 0x11, 0x00, 0x39, 0xFC, 0x3D, 0x10,
    0x35, 0x10, 0x71, 0x10, 0x51, 0x10, 0x11, 0x10, 0x13, 0x10, 0x12, 0x10,
    0x12, 0x10, 0x00, 0x00, 0x00, 0x00, 0x3F, 0xF8, 0x31, 0x18, 0x31, 0x18,
    0x3F, 0xF8, 0x31, 0x18, 0x3F, 0xF8, 0x01, 0x00, 0x01, 0x00, 0x7F, 0xFC,
    0x07, 0xC0, 0x0D, 0x60, 0x39, 0x38, 0x61, 0x0C, 0x01, 0x00, 0x00, 0x00,
    0x20, 0x80, 0x38, 0x80, 0x07, 0xF0, 0x61, 0xB0, 0x01, 0x30, 0x13, 0x34,
    0x32, 0x14, 0x6D, 0x1C, 0x01, 0x00, 0x7F, 0xFC, 0x07, 0xC0, 0x0D, 0x60,
    0x19, 0x38, 0x61, 0x0C, 0x01, 0x00, 0x00, 0x00, 0x00, 0x00, 0x01, 0x00,
    0x7F, 0xFC, 0x07, 0xC0, 0x0D, 0x60, 0x19, 0x30, 0x71, 0x1C, 0x5F, 0xF4,
    0x18, 0x30, 0x1F, 0xF0, 0x18, 0x30, 0x1F, 0xF0, 0x00, 0x00, 0x7F, 0xFC,
    0x00, 0x00, 0x00, 0x00, 0x11, 0xFC, 0x10, 0x00, 0x10, 0x00, 0x7C, 0x00,
    0x1B, 0xFC, 0x38, 0x60, 0x34, 0x60, 0x71, 0x68, 0x51, 0x68, 0xD1, 0x6C,
    0x12, 0x64, 0x12, 0x64, 0x10, 0x60, 0x10, 0xC0, 0x00, 0x00, 0x00, 0x00,
    0x11, 0x08, 0x11, 0x08, 0x10, 0x90, 0x7F, 0xFC, 0x10, 0x60, 0x30, 0x60,
    0x38, 0x60, 0x3B, 0xF8, 0x70, 0x60, 0x50, 0x60, 0x57, 0xFC, 0x10, 0x60,
    0x10, 0x60, 0x10, 0x60, 0x10, 0x40, 0x00, 0x00, 0x10, 0x60, 0x10, 0x20,
    0x13, 0xFC, 0x7C, 0xC0, 0x10, 0x80, 0x39, 0x90, 0x3B, 0xF0, 0x34, 0x60,
    0x70, 0xCC, 0x51, 0x98, 0x53, 0x30, 0x10, 0x70, 0x10, 0xD8, 0x13, 0x8C,
    0x12, 0x00, 0x00, 0x00, 0x10, 0x40, 0x10, 0x80, 0x10, 0xF8, 0x11, 0x88,
    0x7F, 0x90, 0x12, 0xF0, 0x38, 0x60, 0x3C, 0xF0, 0x37, 0x8C, 0x57, 0xFC,
    0x51, 0x08, 0x11, 0x08, 0x11, 0x08, 0x11, 0xF8, 0x11, 0x08, 0x00, 0x00,
    0x01, 0x00, 0x7F, 0xFC, 0x42, 0x04, 0x42, 0x04, 0x7F, 0xFC, 0x08, 0x60,
    0x1E, 0xC0, 0x07, 0xE0, 0x7D, 0x38, 0x01, 0x00, 0x7F, 0xFC, 0x07, 0xC0,
    0x1D, 0x70, 0x71, 0x1C, 0x41, 0x04, 0x00, 0x00, 0x01, 0x00, 0x01, 0xFC,
    0x01, 0x00, 0x3F, 0xF8, 0x30, 0x18, 0x3F, 0xF8, 0x30, 0x18, 0x30, 0x18,
    0x3F, 0xF8, 0x01, 0x00, 0x7F, 0xFC, 0x07, 0xC0, 0x19, 0x60, 0x71, 0x1C,
    0x41, 0x04, 0x00, 0x00, 0x10, 0x40, 0x10, 0xE0, 0x10, 0xA0, 0x79, 0x10,
    0x33, 0x0C, 0x35, 0xF4, 0x38, 0x00, 0x38, 0x48, 0x72, 0x48, 0x52, 0x48,
    0x51, 0x50, 0x11, 0x10, 0x10, 0x30, 0x17, 0xFC, 0x10, 0x00, 0x00, 0x00,
    0x10, 0x90, 0x11, 0x90, 0x17, 0xFC, 0x10, 0x90, 0x7B, 0xF8, 0x32, 0x08,
    0x3B, 0xF8, 0x3A, 0x08, 0x73, 0xF8, 0x50, 0x40, 0x57, 0xFC, 0x10, 0xE0,
    0x11, 0xB0, 0x17, 0x1C, 0x14, 0x04, 0x00, 0x00, 0x10, 0x90, 0x10, 0x90,
    0x13, 0xFC, 0x10, 0x90, 0x7F, 0xFC, 0x10, 0x60, 0x3B, 0xFC, 0x3A, 0x64,
    0x3E, 0x64, 0x53, 0xFC, 0x52, 0x64, 0x13, 0xFC, 0x10, 0x90, 0x13, 0x0C,
    0x16, 0x04, 0x00, 0x00, 0x01, 0x00, 0x43, 0x00, 0x63, 0x00, 0x13, 0xFC,
    0x06, 0x0C, 0x04, 0xC8, 0x0C, 0xC8, 0x00, 0xC0, 0x18, 0xC0, 0x30, 0xE0,
    0x21, 0xA0, 0x61, 0x30, 0x43, 0x18, 0x0E, 0x0C, 0x08, 0x04, 0x00, 0x00,
    0x00, 0x00, 0x00, 0x80, 0x01, 0x80, 0x01, 0x80, 0x01, 0x80, 0x11, 0x80,
    0x11, 0x80, 0x11, 0xFC, 0x11, 0x80, 0x11, 0x80, 0x11, 0x80, 0x11, 0x80,
    0x11, 0x80, 0x11, 0x80, 0x7F, 0xFC, 0x00, 0x00, 0x00, 0x00, 0x7F, 0xFC,
    0x01, 0x80, 0x01, 0x80, 0x01, 0x80, 0x11, 0x80, 0x11, 0x80, 0x11, 0xF8,
    0x11, 0x80, 0x11, 0x80, 0x11, 0x80, 0x11, 0x80, 0x11, 0x80, 0x7F, 0xFC,
    0x00, 0x00, 0x00, 0x00, 0x00, 0x80, 0x08, 0x80, 0x08, 0xFC, 0x08, 0x80,
    0x08, 0x80, 0x3F, 0xFE, 0x00, 0x80, 0x04, 0x8C, 0x0C, 0x88, 0x18, 0x98,
    0x10, 0xB0, 0x00, 0xE0, 0x03, 0x80, 0x3E, 0x00, 0x30, 0x00, 0x00, 0x00,
    0x04, 0x00, 0x3C, 0xF0, 0x20, 0x90, 0x20, 0x90, 0x3C, 0x90, 0x21, 0x1C,
    0x20, 0x00, 0x3D, 0xF8, 0x20, 0x88, 0x20, 0x98, 0x7E, 0xD0, 0x70, 0x60,
    0x20, 0xF0, 0x23, 0x9C, 0x23, 0x04, 0x00, 0x00, 0x08, 0x00, 0x18, 0x00,
    0x1F, 0xFC, 0x30, 0x00, 0x20, 0x00, 0x7F, 0xF0, 0x13, 0x10, 0x11, 0x90,
    0x7F, 0xFC, 0x12, 0x10, 0x33, 0x10, 0x31, 0x90, 0x3F, 0xFC, 0x00, 0x30,
    0x00, 0xE0, 0x00, 0x00, 0x01, 0x20, 0x01, 0x30, 0x01, 0x18, 0x7F, 0xFC,
    0x01, 0x00, 0x21, 0x88, 0x31, 0x98, 0x19, 0xF0, 0x09, 0x60, 0x07, 0x60,
    0x0D, 0x30, 0x39, 0x18, 0x61, 0x0C, 0x01, 0x04, 0x0F, 0x00, 0x00, 0x00,
    0x00, 0x00, 0x37, 0xFC, 0x1A, 0x08, 0x03, 0x08, 0x01, 0x08, 0x61, 0x18,
    0x31, 0x90, 0x00, 0xB0, 0x00, 0xA0, 0x18, 0x60, 0x10, 0x60, 0x30, 0xF0,
    0x23, 0x18, 0x66, 0x0C, 0x04, 0x04, 0x00, 0x00, 0x00, 0x40, 0x30, 0x40,
    0x1A, 0x40, 0x02, 0x4C, 0x02, 0x7C, 0x43, 0xE4, 0x77, 0xCC, 0x0E, 0x4C,
    0x02, 0x4C, 0x02, 0x4C, 0x12, 0x58, 0x32, 0x40, 0x22, 0x04, 0x62, 0x04,
    0x43, 0xFC, 0x00, 0x00, 0x01, 0x00, 0x33, 0x00, 0x13, 0xFC, 0x06, 0x00,
    0x0F, 0xF8, 0x60, 0x00, 0x30, 0x00, 0x07, 0xF8, 0x00, 0x18, 0x10, 0x08,
    0x10, 0x08, 0x30, 0x08, 0x20, 0x08, 0x60, 0x0C, 0x00, 0x0C, 0x00, 0x00,
    0x00, 0x00, 0x71, 0xF0, 0x19, 0x10, 0x03, 0x10, 0x03, 0x10, 0x66, 0x1C,
    0x34, 0x00, 0x07, 0xF8, 0x02, 0x18, 0x13, 0x10, 0x11, 0xB0, 0x30, 0xE0,
    0x21, 0xE0, 0x6F, 0x3C, 0x0C, 0x04, 0x00, 0x00, 0x00, 0x40, 0x30, 0x40,
    0x18, 0x40, 0x03, 0xF8, 0x00, 0x40, 0x60, 0x40, 0x30, 0x40, 0x07, 0xFC,
    0x00, 0xC0, 0x18, 0x80, 0x11, 0x10, 0x31, 0x18, 0x23, 0x78, 0x67, 0xEC,
    0x00, 0x04, 0x00, 0x00, 0x00, 0x40, 0x30, 0x40, 0x18, 0x40, 0x07, 0xFC,
    0x04, 0x4C, 0x64, 0x48, 0x07, 0xF8, 0x07, 0x08, 0x05, 0x98, 0x14, 0x90,
    0x34, 0xE0, 0x24, 0x60, 0x6C, 0xF0, 0x6B, 0x9C, 0x0A, 0x04, 0x00, 0x00,
    0x20, 0xC0, 0x30, 0x40, 0x08, 0x40, 0x07, 0xFC, 0x00, 0x40, 0x60, 0x40,
    0x30, 0x40, 0x00, 0x40, 0x03, 0xFC, 0x18, 0x40, 0x10, 0x40, 0x30, 0x40,
    0x20, 0x40, 0x6F, 0xFC, 0x00, 0x00, 0x00, 0x00, 0x00, 0x00, 0x30, 0x40,
    0x1F, 0xFC, 0x01, 0x90, 0x01, 0x10, 0x63, 0x78, 0x37, 0xFC, 0x00, 0x04,
    0x02, 0x50, 0x1A, 0x50, 0x12, 0x50, 0x32, 0x50, 0x26, 0x54, 0x64, 0x54,
    0x48, 0x0C, 0x00, 0x00, 0x00, 0x02, 0x1B, 0xE2, 0x0A, 0x2A, 0x02, 0xAA,
    0x02, 0xAA, 0x32, 0xAA, 0x1A, 0xAA, 0x02, 0xAA, 0x02, 0xAA, 0x0A, 0xAA,
    0x1B, 0xAA, 0x11, 0x02, 0x31, 0xC2, 0x32, 0x42, 0x24, 0x2E, 0x00, 0x00,
    0x1B, 0x26, 0x09, 0x24, 0x01, 0xAC, 0x00, 0x20, 0x31, 0xFC, 0x19, 0x04,
    0x01, 0x04, 0x01, 0xFC, 0x09, 0x04, 0x09, 0xFC, 0x19, 0x04, 0x11, 0x04,
    0x31, 0x04, 0x21, 0x1C, 0x00, 0x00, 0x00, 0x00, 0x00, 0x00, 0x33, 0xF8,
    0x02, 0x08, 0x03, 0xF8, 0x02, 0x08, 0x62, 0x08, 0x33, 0xF8, 0x00, 0x00,
    0x07, 0xF8, 0x15, 0xA8, 0x15, 0xA8, 0x35, 0xA8, 0x25, 0xA8, 0x6F, 0xFC,
    0x00, 0x00, 0x00, 0x00, 0x00, 0x40, 0x30, 0x40, 0x1F, 0xFC, 0x04, 0x04,
    0x43, 0xF8, 0x60, 0x00, 0x33, 0xF8, 0x02, 0x08, 0x02, 0x08, 0x13, 0xF8,
    0x32, 0x08, 0x23, 0xF8, 0x60, 0x00, 0x6F, 0xFC, 0x00, 0x00, 0x00, 0x00,
    0x00, 0x00, 0x62, 0x10, 0x33, 0x30, 0x10, 0x00, 0x0F, 0xFC, 0x41, 0x20,
    0x33, 0x18, 0x0C, 0x0C, 0x07, 0xF8, 0x35, 0x28, 0x25, 0x28, 0x25, 0x28,
    0x65, 0x28, 0x4F, 0xFC, 0x00, 0x00, 0x00, 0x00, 0x00, 0x80, 0x60, 0xC0,
    0x3F, 0xFC, 0x01, 0x30, 0x02, 0x18, 0x4D, 0x8C, 0x61, 0x24, 0x07, 0xF0,
    0x07, 0xC8, 0x11, 0x44, 0x36, 0x38, 0x3E, 0x30, 0x22, 0x18, 0x63, 0xCC,
    0x02, 0x00, 0x00, 0x00, 0x01, 0x00, 0x31, 0x30, 0x1F, 0xFC, 0x01, 0x10,
    0x0F, 0xFC, 0x60, 0xA0, 0x71, 0xA0, 0x07, 0xFC, 0x05, 0x24, 0x15, 0xA4,
    0x35, 0xF4, 0x27, 0x5C, 0x26, 0x44, 0x64, 0x04, 0x04, 0x18, 0x00, 0x00,
    0x00, 0xC0, 0x20, 0xFC, 0x10, 0xC0, 0x07, 0xFC, 0x04, 0x84, 0x64, 0xF0,
    0x37, 0x80, 0x04, 0x8C, 0x04, 0xF8, 0x14, 0x00, 0x3C, 0x68, 0x2F, 0xA8,
    0x2A, 0x8C, 0x6A, 0x8C, 0x00, 0xF0, 0x00, 0x00, 0x00, 0x00, 0x77, 0xFC,
    0x14, 0x0C, 0x07, 0xFC, 0x44, 0x00, 0x67, 0xFC, 0x34, 0x40, 0x04, 0x40,
    0x07, 0xFC, 0x0E, 0x64, 0x3E, 0xF4, 0x2A, 0x64, 0x6A, 0xF4, 0x5A, 0x44,
    0x02, 0x4C, 0x00, 0x00, 0x00, 0x80, 0x30, 0xC0, 0x1F, 0xFC, 0x04, 0x04,
    0x03, 0xF8, 0x60, 0x40, 0x27, 0xF8, 0x04, 0x48, 0x04, 0x48, 0x17, 0xF8,
    0x34, 0x48, 0x27, 0xF8, 0x63, 0x30, 0x4E, 0x1C, 0x08, 0x04, 0x00, 0x00,
    0x01, 0x00, 0x01, 0x00, 0x01, 0xFC, 0x01, 0x00, 0x01, 0x00, 0x3F, 0xF8,
    0x30, 0x18, 0x30, 0x18, 0x30, 0x18, 0x3F, 0xF8, 0x00, 0x00, 0x34, 0x98,
    0x24, 0xC8, 0x66, 0x4C, 0x40, 0x44, 0x00, 0x00, 0x29, 0xFC, 0x29, 0x80,
    0x29, 0x00, 0x29, 0x00, 0x3F, 0xFC, 0x21, 0xCC, 0x61, 0x48, 0x7D, 0x48,
    0x65, 0x68, 0x65, 0x30, 0x45, 0x30, 0x45, 0x38, 0x47, 0xCC, 0x46, 0x84,
    0x00, 0x00, 0x00, 0x00, 0x10, 0x20, 0x10, 0x60, 0x51, 0xFC, 0x50, 0x20,
    0x7C, 0x20, 0x53, 0xFC, 0x50, 0x18, 0x10, 0x18, 0x1F, 0xFC, 0x70, 0x18,
    0x11, 0x18, 0x10, 0x98, 0x10, 0x98, 0x10, 0x18, 0x10, 0x70, 0x00, 0x00,
    0x08, 0x40, 0x08, 0x58, 0x48, 0x48, 0x68, 0x4C, 0x38, 0x40, 0x3F, 0xFC,
    0x08, 0x40, 0x18, 0xE0, 0x38, 0xE0, 0x78, 0xA0, 0x49, 0xB0, 0x09, 0x10,
    0x0B, 0x18, 0x0E, 0x0C, 0x0C, 0x04, 0x00, 0x00, 0x00, 0x00, 0x68, 0x40,
    0x30, 0x40, 0x33, 0xFC, 0x72, 0x4C, 0x1A, 0x4C, 0x1A, 0x4C, 0x1A, 0x4C,
    0x3B, 0xFC, 0x68, 0x40, 0x48, 0x48, 0x18, 0x48, 0x18, 0x7C, 0x17, 0xFC,
    0x76, 0x04, 0x00, 0x00, 0x01, 0x00, 0x01, 0x00, 0x7F, 0xFC, 0x03, 0x00,
    0x26, 0xD8, 0x17, 0xB0, 0x01, 0x00, 0x3E, 0xF0, 0x67, 0xEC, 0x01, 0x00,
    0x7F, 0xFC, 0x01, 0x00, 0x01, 0x00, 0x01, 0x00, 0x01, 0x00, 0x00, 0x00,
    0x00, 0x00, 0x7B, 0xFC, 0x30, 0x60, 0x30, 0x40, 0x30, 0x40, 0x30, 0xE0,
    0x78, 0xF0, 0x31, 0xD8, 0x33, 0x4C, 0x32, 0x44, 0x38, 0x40, 0x38, 0x40,
    0x60, 0x40, 0x00, 0x40, 0x00, 0x40, 0x00, 0x00, 0x00, 0x00, 0x7F, 0xF8,
    0x13, 0x08, 0x13, 0x48, 0x13, 0x48, 0x13, 0x48, 0x7F, 0x48, 0x13, 0x48,
    0x13, 0x48, 0x10, 0x60, 0x14, 0xE0, 0x7D, 0xA4, 0x43, 0x24, 0x06, 0x3C,
    0x00, 0x00, 0x00, 0x00, 0x00, 0x00, 0x19, 0x00, 0x11, 0x00, 0x3F, 0xFC,
    0x21, 0x00, 0x61, 0x00, 0x41, 0x00, 0x01, 0x00, 0x3F, 0xF8, 0x01, 0x00,
    0x01, 0x00, 0x01, 0x00, 0x01, 0x00, 0x7F, 0xFC, 0x00, 0x00, 0x00, 0x00,
    0x1F, 0xFC, 0x18, 0x84, 0x18, 0x84, 0x18, 0x84, 0x1F, 0xFC, 0x18, 0x84,
    0x18, 0x84, 0x18, 0x84, 0x1F, 0xFC, 0x10, 0x84, 0x10, 0x84, 0x30, 0x84,
    0x20, 0x84, 0x20, 0xBC, 0x00, 0x00, 0x00, 0x00, 0x01, 0x00, 0x01, 0x00,
    0x01, 0x00, 0x3F, 0xF8, 0x21, 0x08, 0x21, 0x08, 0x21, 0x08, 0x21, 0x08,
    0x3F, 0xF8, 0x21, 0x08, 0x21, 0x08, 0x21, 0x08, 0x21, 0x08, 0x3F, 0xF8,
    0x20, 0x08, 0x00, 0x00, 0x00, 0x00, 0x01, 0x00, 0x01, 0x00, 0x3F, 0xF8,
    0x21, 0x08, 0x21, 0x08, 0x3F, 0xF8, 0x21, 0x08, 0x21, 0x08, 0x3F, 0xF8,
    0x21, 0x00, 0x01, 0x04, 0x01, 0x04, 0x01, 0xFC, 0x00, 0x00, 0x00, 0x00,
    0x00, 0x00, 0x7F, 0xFC, 0x00, 0x00, 0x00, 0x00, 0x0F, 0xE0, 0x69, 0x2C,
    0x69, 0x2C, 0x6F, 0xEC, 0x69, 0x2C, 0x69, 0x2C, 0x6F, 0xEC, 0x60, 0x0C,
    0x60, 0x0C, 0x7F, 0xFC, 0x00, 0x04, 0x00, 0x00, 0x00, 0x00, 0x3F, 0xF8,
    0x31, 0x18, 0x3F, 0xF8, 0x31, 0x18, 0x31, 0x18, 0x3F, 0xF8, 0x04, 0x40,
    0x18, 0x30, 0x7C, 0x7C, 0x44, 0x64, 0x0C, 0x60, 0x08, 0x60, 0x38, 0x60,
    0x20, 0x60, 0x00, 0x00, 0x04, 0x00, 0x3D, 0xFC, 0x20, 0x4C, 0x24, 0x4C,
    0x24, 0x4C, 0x3E, 0x88, 0x73, 0xB8, 0x00, 0x00, 0x1F, 0xF8, 0x31, 0x18,
    0x31, 0x18, 0x3F, 0xF8, 0x31, 0x18, 0x3F, 0xF8, 0x10, 0x00, 0x00, 0x00,
    0x00, 0x40, 0x7C, 0xC0, 0x54, 0xFC, 0x55, 0x88, 0x57, 0xD8, 0x56, 0x70,
    0x7C, 0x70, 0x54, 0xF8, 0x57, 0x8C, 0x57, 0xFC, 0x7D, 0x0C, 0x41, 0x0C,
    0x41, 0x0C, 0x01, 0xFC, 0x01, 0x00, 0x00, 0x00, 0x00, 0x80, 0x00, 0xC0,
    0x1F, 0xFC, 0x10, 0x00, 0x50, 0x00, 0x77, 0xFC, 0x30, 0x40, 0x10, 0x40,
    0x12, 0x40, 0x72, 0x7C, 0x52, 0x40, 0x32, 0x40, 0x22, 0x40, 0x6F, 0xFC,
    0x40, 0x00, 0x00, 0x00, 0x01, 0x00, 0x03, 0x00, 0x02, 0x00, 0x3F, 0xF8,
    0x20, 0x08, 0x20, 0x08, 0x20, 0x08, 0x20, 0x18, 0x3F, 0xF8, 0x20, 0x08,
    0x20, 0x08, 0x20, 0x08, 0x20, 0x18, 0x3F, 0xF8, 0x20, 0x08, 0x00, 0x00,
    0x08, 0x40, 0x18, 0xC0, 0x10, 0xC0, 0x7E, 0xFC, 0x47, 0x84, 0x47, 0x04,
    0x46, 0x04, 0x7E, 0x4C, 0x46, 0x6C, 0x46, 0x2C, 0x46, 0x0C, 0x46, 0x08,
    0x7E, 0x08, 0x40, 0x78, 0x00, 0x00, 0x00, 0x00, 0x00, 0x00, 0x24, 0x40,
    0x24, 0xFC, 0x24, 0x80, 0x25, 0xA0, 0x25, 0x30, 0x25, 0x18, 0x04, 0x08,
    0x00, 0x00, 0x3F, 0xF8, 0x36, 0xC8, 0x36, 0xC8, 0x36, 0xC8, 0x7F, 0xFC,
    0x00, 0x00, 0x00, 0x00, 0x00, 0x00, 0x08, 0x20, 0x0C, 0x60, 0x3F, 0xF8,
    0x01, 0x00, 0x01, 0x00, 0x3F, 0xF8, 0x01, 0x00, 0x7F, 0xFC, 0x00, 0x00,
    0x3F, 0xF8, 0x26, 0xC8, 0x26, 0xC8, 0x26, 0xC8, 0x7F, 0xFC, 0x00, 0x00,
    0x00, 0x00, 0x01, 0x00, 0x1F, 0xF0, 0x10, 0x10, 0x13, 0x10, 0x11, 0x90,
    0x7F, 0xFC, 0x12, 0x10, 0x33, 0x10, 0x60, 0xF0, 0x00, 0x00, 0x3F, 0xF8,
    0x36, 0xD8, 0x36, 0xD8, 0x7F, 0xFC, 0x00, 0x00, 0x00, 0x00, 0x3F, 0xF8,
    0x30, 0x18, 0x30, 0x18, 0x30, 0x18, 0x3F, 0xF8, 0x30, 0x18, 0x30, 0x18,
    0x30, 0x18, 0x3F, 0xF8, 0x30, 0x18, 0x30, 0x18, 0x30, 0x18, 0x3F, 0xF8,
    0x30, 0x18, 0x00, 0x00, 0x01, 0x00, 0x09, 0x20, 0x19, 0x10, 0x31, 0x38,
    0x61, 0x6C, 0x01, 0xC0, 0x0F, 0x00, 0x7F, 0xF0, 0x18, 0x10, 0x1F, 0xF0,
    0x18, 0x10, 0x1F, 0xF0, 0x18, 0x10, 0x1F, 0xF0, 0x18, 0x10, 0x00, 0x00,
    0x00, 0x30, 0x3F, 0xE0, 0x02, 0x00, 0x3F, 0xF8, 0x06, 0x00, 0x7F, 0xFC,
    0x0C, 0x00, 0x1F, 0xF8, 0x38, 0x18, 0x6F, 0xF8, 0x48, 0x18, 0x0F, 0xF8,
    0x08, 0x18, 0x0F, 0xF8, 0x08, 0x08, 0x00, 0x00, 0x01, 0x00, 0x7F, 0xFC,
    0x01, 0x00, 0x1F, 0xF0, 0x10, 0x10, 0x1F, 0xF0, 0x10, 0x10, 0x1F, 0xF0,
    0x10, 0x10, 0x1F, 0xF0, 0x10, 0x10, 0x7F, 0xFC, 0x04, 0x60, 0x38, 0x38,
    0x60, 0x0C, 0x00, 0x00, 0x04, 0x10, 0x06, 0x30, 0x1F, 0xFC, 0x01, 0x00,
    0x1F, 0xFC, 0x03, 0x00, 0x3F, 0xFE, 0x06, 0x00, 0x0F, 0xFC, 0x1C, 0x0C,
    0x37, 0xFC, 0x27, 0xFC, 0x04, 0x0C, 0x07, 0xFC, 0x04, 0x00, 0x00, 0x00,
    0x10, 0x00, 0x10, 0x00, 0x1F, 0x7E, 0x34, 0x46, 0x24, 0x46, 0x24, 0x46,
    0x04, 0x46, 0x3F, 0xC6, 0x04, 0x46, 0x0C, 0x46, 0x0E, 0x46, 0x0B, 0x46,
    0x11, 0xFE, 0x30, 0x46, 0x20, 0x00, 0x00, 0x00, 0x00, 0x00, 0x7D, 0xF8,
    0x30, 0x18, 0x21, 0x18, 0x21, 0x18, 0x21, 0x10, 0x7D, 0x10, 0x6D, 0xFC,
    0x6C, 0x04, 0x2C, 0x04, 0x2F, 0xF4, 0x2C, 0x0C, 0x3C, 0x0C, 0x20, 0x08,
    0x00, 0x38, 0x00, 0x00, 0x00, 0x00, 0x7F, 0xFC, 0x30, 0x60, 0x23, 0xFC,
    0x23, 0x64, 0x23, 0x64, 0x7F, 0xFC, 0x67, 0x64, 0x67, 0x64, 0x67, 0xFC,
    0x25, 0x40, 0x25, 0x40, 0x3C, 0xC0, 0x23, 0xF8, 0x02, 0x1C, 0x00, 0x00,
    0x00, 0x40, 0x3E, 0x40, 0x18, 0xF8, 0x19, 0x98, 0x11, 0xFE, 0x11, 0x92,
    0x3E, 0x92, 0x36, 0xFE, 0x36, 0x92, 0x17, 0x92, 0x17, 0xFE, 0x17, 0x12,
    0x1F, 0x12, 0x13, 0x12, 0x00, 0x0E, 0x00, 0x00, 0x00, 0x00, 0x3F, 0xF8,
    0x00, 0x00, 0x00, 0x00, 0x00, 0x00, 0x7F, 0xFC, 0x01, 0x00, 0x01, 0x00,
    0x19, 0x30, 0x11, 0x10, 0x31, 0x18, 0x61, 0x08, 0x41, 0x0C, 0x01, 0x00,
    0x0F, 0x00, 0x00, 0x00, 0x00, 0x60, 0x3C, 0x60, 0x70, 0x60, 0x11, 0x68,
    0x11, 0x68, 0x7F, 0x6C, 0x19, 0x64, 0x3B, 0x60, 0x3C, 0x68, 0x74, 0x68,
    0x50, 0x18, 0x10, 0x30, 0x10, 0x60, 0x13, 0x80, 0x12, 0x00, 0x00, 0x00,
    0x0C, 0x00, 0x79, 0xFC, 0x19, 0x0C, 0x19, 0x0C, 0x19, 0x0C, 0x7F, 0x0C,
    0x19, 0x0C, 0x3D, 0xFC, 0x3E, 0x00, 0x78, 0x00, 0x58, 0x98, 0x18, 0x88,
    0x19, 0x8C, 0x1B, 0x04, 0x10, 0x04, 0x00, 0x00, 0x78, 0x80, 0x11, 0xFC,
    0x11, 0x24, 0x11, 0x2C, 0x7F, 0x20, 0x12, 0x20, 0x39, 0xA8, 0x3D, 0x28,
    0x75, 0x2C, 0x53, 0x24, 0x52, 0x24, 0x10, 0x20, 0x10, 0x20, 0x10, 0xE0,
    0x00, 0x00, 0x00, 0x00, 0x00, 0x00, 0x3D, 0xFC, 0x71, 0x0C, 0x11, 0x0C,
    0x11, 0x0C, 0x7D, 0xFC, 0x10, 0x00, 0x3B, 0xFC, 0x3C, 0x20, 0x50, 0x20,
    0x51, 0xFC, 0x10, 0x20, 0x10, 0x20, 0x13, 0xFC, 0x10, 0x00, 0x00, 0x00,
    0x00, 0x00, 0x01, 0x00, 0x7F, 0xFC, 0x40, 0x04, 0x44, 0x44, 0x4C, 0x70,
    0x38, 0x18, 0x20, 0x08, 0x1F, 0xF0, 0x01, 0x00, 0x01, 0x00, 0x01, 0x00,
    0x01, 0x00, 0x7F, 0xFC, 0x00, 0x00, 0x00, 0x00, 0x01, 0x00, 0x01, 0x00,
    0x7F, 0xFC, 0x44, 0x64, 0x18, 0x38, 0x32, 0x0C, 0x3F, 0xF8, 0x30, 0x18,
    0x37, 0xD8, 0x3C, 0x58, 0x33, 0x98, 0x33, 0xD8, 0x3C, 0x18, 0x3F, 0xF8,
    0x30, 0x08, 0x00, 0x00, 0x00, 0x00, 0x2D, 0xF8, 0x2D, 0x08, 0x2C, 0x90,
    0x2C, 0xF0, 0x2C, 0x60, 0x2D, 0xF8, 0x0F, 0x0C, 0x01, 0x00, 0x3F, 0xFC,
    0x08, 0x20, 0x08, 0x20, 0x0C, 0x60, 0x7F, 0xFC, 0x00, 0x00, 0x00, 0x00,
    0x00, 0x40, 0x32, 0x64, 0x12, 0x64, 0x7E, 0x64, 0x03, 0xFC, 0x48, 0x00,
    0x4F, 0xFC, 0x68, 0x40, 0x2B, 0xFC, 0x2A, 0x94, 0x1E, 0x94, 0x7E, 0x94,
    0x62, 0x94, 0x02, 0x94, 0x02, 0x9C, 0x00, 0x00, 0x30, 0x80, 0x3E, 0xFC,
    0x69, 0xA0, 0x4D, 0x10, 0x08, 0x10, 0x18, 0x10, 0x37, 0xFC, 0x30, 0x10,
    0x72, 0x10, 0x13, 0x10, 0x11, 0x90, 0x10, 0x10, 0x10, 0x10, 0x10, 0xF0,
    0x00, 0x00, 0x00, 0x00, 0x10, 0x40, 0x10, 0xC0, 0x3F, 0xFC, 0x6D, 0x90,
    0x45, 0x10, 0x3F, 0xF8, 0x01, 0x08, 0x3F, 0xF8, 0x31, 0x00, 0x21, 0x00,
    0x3F, 0xFC, 0x07, 0x08, 0x0D, 0x08, 0x31, 0x38, 0x21, 0x00, 0x00, 0x00,
    0x10, 0x00, 0x30, 0xC0, 0x3F, 0xFC, 0x69, 0x20, 0x41, 0x00, 0x3F, 0xF8,
    0x01, 0x00, 0x7F, 0xFC, 0x00, 0x20, 0x00, 0x20, 0x7F, 0xFC, 0x08, 0x20,
    0x0C, 0x20, 0x06, 0x20, 0x00, 0xE0, 0x00, 0x00, 0x10, 0x40, 0x30, 0xC0,
    0x3F, 0xFC, 0x69, 0xB0, 0x4D, 0x10, 0x03, 0x80, 0x06, 0xE0, 0x1C, 0x78,
    0x7F, 0xFC, 0x00, 0x00, 0x1F, 0xF0, 0x10, 0x10, 0x10, 0x10, 0x1F, 0xF0,
    0x10, 0x10, 0x00, 0x00, 0x20, 0x40, 0x3E, 0xFC, 0x68, 0xB0, 0x49, 0x10,
    0x7F, 0xFC, 0x60, 0x0C, 0x60, 0x0C, 0x1F, 0xF0, 0x10, 0x10, 0x1F, 0xF0,
    0x10, 0x00, 0x1F, 0xF8, 0x10, 0x18, 0x1F, 0xF8, 0x10, 0x00, 0x00, 0x00,
    0x01, 0x10, 0x19, 0x30, 0x09, 0x20, 0x7F, 0xFC, 0x07, 0xC0, 0x0D, 0x60,
    0x19, 0x38, 0x71, 0x0C, 0x01, 0x00, 0x01, 0x00, 0x7F, 0xFC, 0x03, 0x80,
    0x06, 0xC0, 0x38, 0x38, 0x60, 0x0C, 0x00, 0x00, 0x01, 0x00, 0x3F, 0xFC,
    0x01, 0x00, 0x3F, 0xF8, 0x01, 0x00, 0x7F, 0xFC, 0x06, 0x00, 0x0C, 0x60,
    0x1F, 0x80, 0x0E, 0x30, 0x3F, 0xF8, 0x09, 0x00, 0x19, 0x30, 0x31, 0x18,
    0x47, 0x04, 0x00, 0x00, 0x00, 0x00, 0x1F, 0xFC, 0x10, 0x84, 0x1F, 0xFC,
    0x10, 0x84, 0x1F, 0xFC, 0x02, 0x00, 0x04, 0x60, 0x1F, 0xD0, 0x07, 0x18,
    0x1F, 0xFC, 0x00, 0x80, 0x0C, 0x98, 0x38, 0x8C, 0x23, 0x80, 0x00, 0x00,
    0x00, 0x40, 0x10, 0x58, 0x10, 0x48, 0x30, 0x7C, 0x25, 0xF0, 0x78, 0x40,
    0x78, 0x5C, 0x11, 0xF8, 0x23, 0x64, 0x7C, 0x6C, 0x60, 0x38, 0x00, 0x30,
    0x3C, 0xF0, 0x63, 0x94, 0x02, 0x1C, 0x00, 0x00, 0x00, 0x00, 0x19, 0xF8,
    0x11, 0x08, 0x21, 0x08, 0x25, 0x08, 0x79, 0xF8, 0x79, 0x08, 0x11, 0x08,
    0x2D, 0x08, 0x79, 0xF8, 0x01, 0x08, 0x0D, 0x08, 0x79, 0x08, 0x03, 0xFC,
    0x00, 0x00, 0x00, 0x00, 0x10, 0x40, 0x10, 0xC0, 0x31, 0xF8, 0x21, 0x98,
    0x6E, 0xD0, 0x78, 0x70, 0x78, 0x70, 0x31, 0xD8, 0x23, 0x0C, 0x7C, 0x60,
    0x40, 0x30, 0x00, 0x00, 0x7D, 0xE0, 0x60, 0x38, 0x00, 0x08, 0x00, 0x00,
    0x00, 0x00, 0x13, 0xF8, 0x30, 0x18, 0x20, 0x30, 0x6C, 0x60, 0x79, 0xF8,
    0x5B, 0x0C, 0x30, 0x00, 0x7F, 0xFC, 0x78, 0x60, 0x00, 0x60, 0x0C, 0x60,
    0x78, 0x60, 0x07, 0xFC, 0x00, 0x00, 0x00, 0x00, 0x10, 0x20, 0x10, 0x60,
    0x33, 0xFC, 0x24, 0x60, 0x6C, 0x60, 0x78, 0x60, 0x7B, 0xFC, 0x30, 0x00,
    0x20, 0x00, 0x7D, 0xFC, 0x61, 0x0C, 0x01, 0x0C, 0x7D, 0x0C, 0x61, 0xFC,
    0x01, 0x08, 0x00, 0x00, 0x10, 0x40, 0x10, 0x60, 0x30, 0xF0, 0x24, 0x90,
    0x6D, 0x08, 0x7B, 0xFC, 0x10, 0x00, 0x30, 0x00, 0x7D, 0xF8, 0x79, 0x08,
    0x01, 0x08, 0x01, 0x08, 0x7D, 0x08, 0x61, 0xF8, 0x01, 0x08, 0x00, 0x00,
    0x10, 0x40, 0x18, 0x60, 0x10, 0x60, 0x33, 0xFC, 0x2C, 0xC0, 0x79, 0x98,
    0x79, 0xB8, 0x33, 0xFC, 0x28, 0xB0, 0x79, 0xB0, 0x01, 0xB0, 0x1D, 0x34,
    0x73, 0x34, 0x06, 0x1C, 0x00, 0x00, 0x00, 0x00, 0x00, 0x00, 0x10, 0x20,
    0x12, 0xA4, 0x32, 0xAC, 0x22, 0xE8, 0x6E, 0x20, 0x7B, 0xFC, 0x52, 0x30,
    0x32, 0x78, 0x2A, 0x68, 0x7A, 0xA4, 0x42, 0xA0, 0x02, 0x20, 0x7E, 0x00,
    0x43, 0xFC, 0x00, 0x00, 0x10, 0x40, 0x10, 0x44, 0x33, 0xF8, 0x20, 0x58,
    0x6C, 0x50, 0x7F, 0xFC, 0x58, 0x40, 0x31, 0xC0, 0x23, 0xFC, 0x7F, 0x8C,
    0x01, 0xFC, 0x0D, 0x8C, 0x79, 0x8C, 0x41, 0xFC, 0x00, 0x08, 0x00, 0x00,
    0x00, 0x40, 0x10, 0x40, 0x13, 0xF8, 0x20, 0x40, 0x6B, 0xFC, 0x78, 0x0C,
    0x71, 0xA8, 0x32, 0xE0, 0x23, 0x20, 0x78, 0x60, 0x63, 0xFC, 0x08, 0x40,
    0x78, 0xD0, 0x43, 0x8C, 0x02, 0x04, 0x00, 0x00, 0x10, 0x18, 0x13, 0xF8,
    0x32, 0x48, 0x21, 0x58, 0x6F, 0xFC, 0xF8, 0x80, 0x79, 0x80, 0x37, 0xFC,
    0x21, 0x00, 0x79, 0xF8, 0x41, 0x88, 0x0B, 0xD0, 0x7E, 0x70, 0x44, 0xFC,
    0x01, 0x0C, 0x00, 0x00, 0x08, 0x20, 0x08, 0x30, 0x19, 0xFE, 0x11, 0x02,
    0x15, 0x02, 0x3D, 0xFE, 0x39, 0x00, 0x19, 0xFE, 0x15, 0xAA, 0x3D, 0xAA,
    0x01, 0xFE, 0x0F, 0xAA, 0x3A, 0xAA, 0x22, 0xAA, 0x00, 0x86, 0x00, 0x00,
    0x10, 0x40, 0x10, 0x40, 0x37, 0xFC, 0x26, 0x04, 0x6F, 0x00, 0x7B, 0xFC,
    0x52, 0x20, 0x36, 0xFC, 0x26, 0x84, 0x7A, 0x84, 0x42, 0xFC, 0x0A, 0x84,
    0x72, 0x84, 0x42, 0xFC, 0x02, 0x84, 0x00, 0x00, 0x20, 0x20, 0x20, 0x60,
    0x7E, 0x60, 0x51, 0xF8, 0x50, 0x68, 0x10, 0x68, 0x7E, 0x68, 0x10, 0x68,
    0x57, 0xFC, 0x56, 0x70, 0x56, 0x70, 0x56, 0x50, 0x7E, 0x88, 0x01, 0x8C,
    0x01, 0x04, 0x00, 0x00, 0x00, 0x00, 0x3F, 0xF8, 0x24, 0x48, 0x3F, 0xF8,
    0x01, 0x00, 0x7F, 0xFC, 0x03, 0x00, 0x1F, 0xF0, 0x1F, 0xF0, 0x10, 0x10,
    0x1F, 0xF0, 0x10, 0x10, 0x1F, 0xF0, 0x7F, 0xFC, 0x00, 0x00, 0x00, 0x00,
    0x34, 0x88, 0x26, 0xF8, 0x7E, 0xE0, 0x7E, 0x84, 0x00, 0xC4, 0x7E, 0xFC,
    0x62, 0x00, 0x7E, 0x80, 0x62, 0x9C, 0x62, 0xF0, 0x7E, 0xC0, 0x62, 0x84,
    0x62, 0xC4, 0x6E, 0xFC, 0x00, 0x00, 0x00, 0x00, 0x3C, 0x9E, 0x24, 0x9A,
    0x27, 0xF2, 0x24, 0x92, 0x3C, 0x92, 0x24, 0x92, 0x27, 0xF2, 0x3C, 0x92,
    0x25, 0x52, 0x25, 0x52, 0x25, 0xFE, 0x27, 0xF0, 0x24, 0x10, 0x2C, 0x10,
    0x00, 0x00, 0x00, 0x00, 0x01, 0x00, 0x03, 0x00, 0x3F, 0xF8, 0x30, 0x18,
    0x30, 0x18, 0x30, 0x18, 0x3F, 0xF8, 0x30, 0x18, 0x30, 0x18, 0x3F, 0xF8,
    0x30, 0x18, 0x30, 0x18, 0x30, 0x18, 0x3F, 0xF8, 0x30, 0x08, 0x00, 0x00,
    0x00, 0x40, 0x7F, 0x40, 0x30, 0xC0, 0x24, 0xFC, 0x66, 0x88, 0x7F, 0xC8,
    0x63, 0xC8, 0x09, 0x58, 0x18, 0x50, 0x7E, 0x70, 0x08, 0x30, 0x08, 0x30,
    0x1F, 0x58, 0x71, 0x8C, 0x01, 0x04, 0x00, 0x00, 0x08, 0x20, 0x0C, 0x60,
    0x7F, 0xFC, 0x0C, 0x60, 0x08, 0x60, 0x00, 0x00, 0x7F, 0xF8, 0x06, 0x18,
    0x06, 0x18, 0x06, 0x18, 0x06, 0x18, 0x06, 0x18, 0x06, 0x70, 0x06, 0x00,
    0x06, 0x00, 0x00, 0x00, 0x08, 0x20, 0x0C, 0x60, 0x7F, 0xFC, 0x0C, 0x60,
    0x0A, 0x20, 0x02, 0x00, 0x7F, 0xFC, 0x04, 0x00, 0x0C, 0x00, 0x1F, 0xF8,
    0x38, 0x08, 0x68, 0x08, 0x08, 0x08, 0x0F, 0xF8, 0x08, 0x08, 0x00, 0x00,
    0x08, 0x20, 0x7F, 0xFC, 0x08, 0x20, 0x0E, 0x20, 0x06, 0x00, 0x7F, 0xFC,
    0x08, 0x00, 0x1B, 0xF8, 0x30, 0x30, 0x70, 0x60, 0x57, 0xFC, 0x10, 0x40,
    0x10, 0x40, 0x10, 0x40, 0x11, 0xC0, 0x00, 0x00, 0x0C, 0x60, 0x7F, 0xFC,
    0x0C, 0x60, 0x08, 0x00, 0x1F, 0xFC, 0x30, 0x08, 0x77, 0xC8, 0x76, 0x48,
    0x16, 0x48, 0x16, 0x48, 0x17, 0xC8, 0x16, 0x08, 0x10, 0x18, 0x10, 0x78,
    0x00, 0x00, 0x00, 0x00, 0x08, 0x60, 0x7F, 0xFC, 0x0C, 0x60, 0x21, 0x80,
    0x31, 0xF8, 0x03, 0x18, 0x05, 0xB0, 0x60, 0xE0, 0x31, 0xF0, 0x07, 0x1C,
    0x1B, 0xF8, 0x12, 0x08, 0x22, 0x08, 0x63, 0xF8, 0x02, 0x08, 0x00, 0x00,
    0x0C, 0x60, 0x7F, 0xFC, 0x0C, 0x60, 0x01, 0x00, 0x7F, 0xFC, 0x0C, 0x40,
    0x3F, 0xE0, 0x0E, 0x30, 0x3F, 0xC8, 0x3F, 0xF8, 0x21, 0x08, 0x3F, 0xF8,
    0x21, 0x08, 0x3F, 0xF8, 0x20, 0x08, 0x00, 0x00, 0x00, 0x80, 0x00, 0xFC,
    0x00, 0x80, 0x1F, 0xFE, 0x10, 0x86, 0x17, 0xF4, 0x15, 0x82, 0x10, 0xFE,
    0x10, 0x20, 0x15, 0x24, 0x15, 0x2C, 0x37, 0x28, 0x21, 0x20, 0x2F, 0xFE,
    0x00, 0x00, 0x00, 0x00, 0x13, 0xFC, 0x30, 0x00, 0x60, 0x00, 0x4C, 0x00,
    0x18, 0x00, 0x13, 0xFC, 0x30, 0x10, 0x70, 0x10, 0x50, 0x10, 0x10, 0x10,
    0x10, 0x10, 0x10, 0x10, 0x10, 0x10, 0x10, 0xF0, 0x00, 0x00, 0x00, 0x00,
    0x00, 0x40, 0x10, 0x40, 0x08, 0x40, 0x7E, 0x40, 0x04, 0x40, 0x0C, 0x60,
    0x0B, 0x78, 0x1E, 0x4C, 0x3C, 0x44, 0x7A, 0x40, 0x1A, 0x40, 0x18, 0x40,
    0x18, 0x40, 0x18, 0x40, 0x18, 0x40, 0x00, 0x00, 0x01, 0x00, 0x01, 0x00,
    0x3F, 0xFC, 0x01, 0x00, 0x3F, 0xF8, 0x01, 0x00, 0x7F, 0xFC, 0x07, 0x80,
    0x0C, 0x88, 0x38, 0xF0, 0x68, 0x60, 0x08, 0x30, 0x0B, 0x98, 0x1E, 0x0C,
    0x08, 0x00, 0x00, 0x00, 0x00, 0x20, 0x30, 0x60, 0x10, 0x60, 0x7B, 0xFC,
    0x0A, 0x64, 0x12, 0x60, 0x17, 0xFC, 0x3B, 0x88, 0x7A, 0x88, 0x56, 0xD8,
    0x12, 0x70, 0x12, 0x60, 0x16, 0xF0, 0x15, 0x8C, 0x11, 0x04, 0x00, 0x00,
    0x08, 0x50, 0x7F, 0x48, 0x08, 0x4C, 0x08, 0x40, 0x7F, 0xFC, 0x0C, 0x40,
    0x7F, 0xE8, 0x18, 0x38, 0x35, 0x30, 0x76, 0x30, 0x53, 0x24, 0x15, 0x74,
    0x3C, 0xD4, 0x11, 0x9C, 0x00, 0x00, 0x00, 0x00, 0x7F, 0xFC, 0x04, 0x40,
    0x3F, 0xF8, 0x24, 0x48, 0x3F, 0xF8, 0x13, 0x00, 0x33, 0xFC, 0x6F, 0xF8,
    0x53, 0xF8, 0x32, 0x08, 0x73, 0xF8, 0x33, 0xF8, 0x37, 0xB0, 0x31, 0xF0,
    0x17, 0x1C, 0x00, 0x00, 0x11, 0xFC, 0x11, 0x0C, 0x7D, 0x2C, 0x0D, 0x6C,
    0x09, 0x6C, 0x19, 0x6C, 0x39, 0x6C, 0x7D, 0x6C, 0x55, 0x60, 0x10, 0x60,
    0x10, 0xE0, 0x11, 0xA4, 0x13, 0x24, 0x16, 0x3C, 0x00, 0x00, 0x00, 0x00,
    0x02, 0x00, 0x07, 0xF0, 0x0C, 0x30, 0x18, 0x60, 0x3F, 0xFC, 0x28, 0xC4,
    0x08, 0xC4, 0x0F, 0xFC, 0x08, 0xC4, 0x08, 0xC4, 0x0F, 0xFC, 0x18, 0xC4,
    0x10, 0xC4, 0x30, 0xC4, 0x20, 0x9C, 0x00, 0x00, 0x10, 0x00, 0x30, 0xFC,
    0x3C, 0x64, 0x24, 0x44, 0x7E, 0x4C, 0x6B, 0x98, 0x2A, 0x10, 0x3E, 0xD0,
    0x2A, 0xFC, 0x6A, 0x90, 0x7E, 0x10, 0x6B, 0xFC, 0x4A, 0x10, 0x4A, 0x10,
    0x46, 0x10, 0x00, 0x00, 0x00, 0x00, 0x30, 0x20, 0x3C, 0x20, 0x24, 0xFC,
    0x7E, 0xA4, 0x6A, 0xA4, 0x2A, 0xA4, 0x3E, 0xA4, 0x2A, 0xFC, 0x6A, 0x20,
    0x7E, 0x28, 0x4A, 0x28, 0x4A, 0x3C, 0x4B, 0xFC, 0x06, 0x04, 0x00, 0x00,
    0x14, 0x40, 0x7F, 0x7C, 0x3E, 0xC8, 0x63, 0xF8, 0x7A, 0x30, 0x3A, 0xFC,
    0x07, 0x04, 0x7F, 0xFC, 0x00, 0x00, 0x1F, 0xF0, 0x1F, 0xF0, 0x00, 0x00,
    0x1F, 0xF0, 0x1F, 0xF0, 0x10, 0x10, 0x00, 0x00, 0x00, 0x40, 0x30, 0x60,
    0x18, 0x60, 0x08, 0x60, 0x00, 0x60, 0x70, 0x60, 0x17, 0xFC, 0x10, 0x60,
    0x10, 0x60, 0x10, 0x60, 0x10, 0x60, 0x1C, 0x60, 0x18, 0x60, 0x30, 0x60,
    0x00, 0x60, 0x00, 0x00, 0x00, 0x00, 0x20, 0x00, 0x33, 0xFC, 0x18, 0x30,
    0x00, 0x30, 0x78, 0x30, 0x18, 0x30, 0x18, 0x30, 0x18, 0x30, 0x18, 0x30,
    0x18, 0x30, 0x1E, 0x30, 0x1C, 0x30, 0x18, 0x30, 0x00, 0xE0, 0x00, 0x00,
    0x00, 0x40, 0x30, 0x60, 0x18, 0x40, 0x00, 0x40, 0x00, 0x40, 0x70, 0x60,
    0x10, 0x60, 0x10, 0x60, 0x10, 0x60, 0x10, 0xF0, 0x10, 0x90, 0x1C, 0x90,
    0x19, 0x08, 0x13, 0x0C, 0x02, 0x04, 0x00, 0x00, 0x00, 0x00, 0x30, 0x40,
    0x18, 0x40, 0x08, 0x40, 0x00, 0x40, 0x70, 0x40, 0x10, 0x78, 0x10, 0x40,
    0x10, 0x40, 0x10, 0x40, 0x10, 0x40, 0x1C, 0x40, 0x18, 0x40, 0x37, 0xFC,
    0x00, 0x00, 0x00, 0x00, 0x00, 0x00, 0x22, 0xC8, 0x12, 0x48, 0x02, 0x48,
    0x02, 0x08, 0x73, 0x18, 0x11, 0x10, 0x11, 0x10, 0x10, 0xB0, 0x10, 0xE0,
    0x10, 0x60, 0x1C, 0xE0, 0x19, 0xB0, 0x37, 0x1C, 0x04, 0x04, 0x00, 0x00,
    0x00, 0x00, 0x33, 0xF8, 0x18, 0x08, 0x00, 0x08, 0x00, 0x08, 0x70, 0x08,
    0x10, 0x08, 0x13, 0xF8, 0x13, 0x08, 0x13, 0x00, 0x13, 0x00, 0x1F, 0x04,
    0x1B, 0x04, 0x11, 0xFC, 0x00, 0x00, 0x00, 0x00, 0x01, 0x00, 0x21, 0x00,
    0x11, 0x00, 0x0B, 0xFC, 0x02, 0x60, 0x76, 0x60, 0x10, 0x60, 0x10, 0x60,
    0x17, 0xFC, 0x10, 0x60, 0x10, 0x60, 0x14, 0x60, 0x1C, 0x60, 0x10, 0x60,
    0x00, 0x60, 0x00, 0x00, 0x00, 0x00, 0x30, 0xE0, 0x18, 0xA0, 0x09, 0x90,
    0x03, 0x18, 0x76, 0x04, 0x15, 0x00, 0x11, 0x38, 0x11, 0x60, 0x11, 0x80,
    0x11, 0x00, 0x1D, 0x04, 0x19, 0x04, 0x31, 0xF8, 0x00, 0x00, 0x00, 0x00,
    0x00, 0x00, 0x31, 0xF0, 0x19, 0x90, 0x01, 0x10, 0x01, 0x10, 0x72, 0x1C,
    0x10, 0x00, 0x13, 0xF8, 0x13, 0x08, 0x11, 0x18, 0x10, 0xB0, 0x1C, 0xE0,
    0x18, 0xF0, 0x33, 0x9C, 0x06, 0x04, 0x00, 0x00, 0x00, 0x00, 0x33, 0xFC,
    0x18, 0x20, 0x00, 0x20, 0x00, 0x20, 0x70, 0x20, 0x13, 0x20, 0x13, 0x3C,
    0x13, 0x20, 0x13, 0x20, 0x13, 0x20, 0x1F, 0x20, 0x1B, 0x20, 0x37, 0xFC,
    0x00, 0x00, 0x00, 0x00, 0x00, 0x00, 0x33, 0xF8, 0x1B, 0x08, 0x03, 0x08,
    0x03, 0x08, 0x73, 0x08, 0x13, 0x08, 0x13, 0xF8, 0x10, 0x00, 0x10, 0x00,
    0x11, 0x98, 0x1D, 0x08, 0x1B, 0x0C, 0x32, 0x0C, 0x02, 0x04, 0x00, 0x00,
    0x00, 0x00, 0x27, 0xF8, 0x31, 0x18, 0x10, 0x90, 0x00, 0xE0, 0x71, 0xF0,
    0x17, 0x1C, 0x10, 0x40, 0x13, 0xF8, 0x10, 0x40, 0x10, 0x40, 0x1F, 0xFC,
    0x18, 0x40, 0x30, 0x40, 0x00, 0x40, 0x00, 0x00, 0x00, 0x20, 0x20, 0x28,
    0x10, 0x2C, 0x18, 0x20, 0x07, 0xFC, 0x70, 0x20, 0x30, 0x30, 0x13, 0xF0,
    0x11, 0x30, 0x11, 0x30, 0x11, 0x10, 0x15, 0xD4, 0x1F, 0xDC, 0x32, 0x0C,
    0x00, 0x00, 0x00, 0x00, 0x00, 0x18, 0x23, 0xF8, 0x33, 0x40, 0x00, 0x40,
    0x00, 0x40, 0x77, 0xFC, 0x10, 0x60, 0x10, 0x40, 0x10, 0x60, 0x13, 0xFC,
    0x12, 0x0C, 0x1E, 0x0C, 0x3A, 0x0C, 0x33, 0xFC, 0x02, 0x08, 0x00, 0x00,
    0x00, 0x40, 0x30, 0x60, 0x17, 0xFC, 0x00, 0xC0, 0x00, 0x80, 0x71, 0x10,
    0x13, 0xF0, 0x10, 0x64, 0x10, 0xCC, 0x11, 0x98, 0x13, 0x30, 0x14, 0x70,
    0x1D, 0xD8, 0x37, 0x0C, 0x04, 0x00, 0x00, 0x00, 0x01, 0x08, 0x31, 0x88,
    0x18, 0x98, 0x03, 0xFC, 0x00, 0x60, 0x70, 0x60, 0x10, 0x60, 0x13, 0xFC,
    0x10, 0x60, 0x10, 0x60, 0x13, 0xFC, 0x1C, 0x60, 0x18, 0x60, 0x30, 0x60,
    0x00, 0x60, 0x00, 0x00, 0x00, 0x00, 0x27, 0xFC, 0x30, 0x80, 0x10, 0x80,
    0x03, 0xF8, 0x70, 0x88, 0x31, 0x98, 0x17, 0xFC, 0x10, 0x00, 0x13, 0xF8,
    0x12, 0x08, 0x1E, 0x08, 0x1A, 0x08, 0x33, 0xF8, 0x02, 0x08, 0x00, 0x00,
    0x00, 0x00, 0x23, 0xF8, 0x13, 0x08, 0x03, 0x08, 0x03, 0xF8, 0x70, 0x00,
    0x10, 0x00, 0x13, 0xFC, 0x10, 0x40, 0x10, 0x40, 0x17, 0xFC, 0x10, 0x60,
    0x1C, 0xB0, 0x33, 0x98, 0x06, 0x0C, 0x00, 0x00, 0x31, 0x10, 0x19, 0xB0,
    0x03, 0xF8, 0x02, 0x08, 0x72, 0x08, 0x12, 0x08, 0x13, 0xF8, 0x11, 0xA0,
    0x11, 0xA0, 0x15, 0xA0, 0x1D, 0x20, 0x1B, 0x24, 0x32, 0x24, 0x04, 0x3C,
    0x00, 0x00, 0x00, 0x00, 0x00, 0x40, 0x33, 0xFC, 0x10, 0x40, 0x03, 0xF8,
    0x00, 0x40, 0x77, 0xFC, 0x10, 0x00, 0x13, 0xF8, 0x13, 0x08, 0x13, 0xF8,
    0x13, 0x08, 0x1F, 0xF8, 0x1B, 0x08, 0x33, 0x08, 0x03, 0x38, 0x00, 0x00,
    0x00, 0x40, 0x20, 0x40, 0x33, 0xF8, 0x00, 0x40, 0x07, 0xFC, 0x70, 0x0C,
    0x11, 0xE8, 0x12, 0xE0, 0x13, 0x60, 0x10, 0x60, 0x17, 0xFC, 0x18, 0xC0,
    0x18, 0x90, 0x33, 0x0C, 0x06, 0x04, 0x00, 0x00, 0x00, 0x00, 0x11, 0xFE,
    0x19, 0x02, 0x09, 0x22, 0x01, 0x7A, 0x01, 0x22, 0x39, 0xFE, 0x09, 0x02,
    0x09, 0x7A, 0x0B, 0x4A, 0x0B, 0x4A, 0x0E, 0x7A, 0x1E, 0x42, 0x1E, 0x02,
    0x04, 0x0E, 0x00, 0x00, 0x00, 0x40, 0x7E, 0x40, 0x42, 0x40, 0x5A, 0xFC,
    0x5A, 0x88, 0x5B, 0x88, 0x5B, 0x88, 0x5A, 0xD8, 0x5A, 0x50, 0x52, 0x70,
    0x10, 0x30, 0x14, 0x30, 0x24, 0x58, 0x62, 0xCC, 0x41, 0x04, 0x00, 0x00,
    0x04, 0x40, 0x3F, 0xF8, 0x04, 0x48, 0x3F, 0xF8, 0x24, 0x40, 0x3F, 0xFC,
    0x0C, 0x44, 0x78, 0x58, 0x70, 0x00, 0x1F, 0xF0, 0x11, 0x10, 0x13, 0x10,
    0x16, 0xF0, 0x3C, 0x3C, 0x60, 0x0C, 0x00, 0x00, 0x01, 0x00, 0x3F, 0xF8,
    0x01, 0x00, 0x01, 0x00, 0x7F, 0xFC, 0x01, 0x00, 0x11, 0x00, 0x11, 0x00,
    0x11, 0xF8, 0x19, 0x00, 0x39, 0x00, 0x2D, 0x00, 0x67, 0x00, 0x41, 0xFC,
    0x00, 0x00, 0x00, 0x00, 0x08, 0x00, 0x08, 0xFC, 0x7E, 0x0C, 0x08, 0x0C,
    0x08, 0x0C, 0x7F, 0xFC, 0x08, 0x80, 0x08, 0x80, 0x68, 0x80, 0x6E, 0x80,
    0x68, 0x84, 0x78, 0xFC, 0x58, 0x00, 0x4F, 0xFC, 0x00, 0x00, 0x00, 0x00,
    0x00, 0x00, 0x19, 0xFC, 0x7E, 0x44, 0x18, 0x44, 0x18, 0xCC, 0x7F, 0x98,
    0x09, 0x00, 0x08, 0xFC, 0x68, 0x8C, 0x6E, 0x8C, 0x68, 0x8C, 0x78, 0xFC,
    0x58, 0x00, 0x4F, 0xFC, 0x00, 0x00, 0x00, 0x00, 0x3F, 0xF8, 0x30, 0x18,
    0x30, 0x08, 0x30, 0x08, 0x3F, 0xF8, 0x01, 0x00, 0x01, 0x00, 0x19, 0x00,
    0x11, 0xF8, 0x19, 0x00, 0x39, 0x00, 0x2D, 0x00, 0x67, 0x00, 0x41, 0xFC,
    0x00, 0x00, 0x00, 0x00, 0x00, 0x80, 0x7D, 0x80, 0x45, 0xFC, 0x45, 0x0C,
    0x47, 0x0C, 0x7D, 0xEC, 0x11, 0x2C, 0x51, 0x2C, 0x5D, 0x2C, 0x51, 0xE8,
    0x51, 0x38, 0x51, 0x00, 0x7D, 0x04, 0x71, 0x04, 0x01, 0xFC, 0x00, 0x00,
    0x00, 0x40, 0x7C, 0xC0, 0x44, 0xF8, 0x45, 0x88, 0x47, 0xD0, 0x7F, 0x70,
    0x18, 0x60, 0x58, 0xF8, 0x5F, 0x8C, 0x5B, 0xFC, 0x59, 0x88, 0x59, 0x88,
    0x7D, 0x88, 0x61, 0xF8, 0x00, 0x08, 0x00, 0x00, 0x00, 0xB0, 0x7C, 0xB0,
    0x46, 0xB4, 0x46, 0xB4, 0x47, 0xB8, 0x7D, 0xB8, 0x10, 0xB0, 0x50, 0xB0,
    0x5D, 0xB8, 0x53, 0xBC, 0x52, 0xB4, 0x55, 0xB0, 0x7D, 0x34, 0x43, 0x34,
    0x02, 0x1C, 0x00, 0x00, 0x02, 0x00, 0x06, 0x00, 0x06, 0x00, 0x7F, 0xFC,
    0x08, 0x00, 0x19, 0x80, 0x11, 0x80, 0x3F, 0xF8, 0x01, 0x80, 0x01, 0x80,
    0x01, 0x80, 0x7F, 0xFC, 0x01, 0x80, 0x01, 0x80, 0x00, 0x80, 0x00, 0x00,
    0x08, 0x10, 0x08, 0x10, 0x3E, 0x10, 0x18, 0x10, 0x14, 0xFE, 0x14, 0x92,
    0x34, 0x92, 0x3E, 0x92, 0x04, 0xFE, 0x04, 0x92, 0x0F, 0x92, 0x3C, 0x92,
    0x04, 0x92, 0x04, 0xFE, 0x04, 0x82, 0x00, 0x00, 0x0C, 0x50, 0x3F, 0x48,
    0x0C, 0x48, 0x0C, 0x40, 0x7F, 0xFC, 0x18, 0x40, 0x7F, 0xE8, 0x34, 0x68,
    0x24, 0x38, 0x3F, 0xB0, 0x04, 0x30, 0x04, 0x20, 0x7F, 0xF4, 0x04, 0xD4,
    0x04, 0x8C, 0x00, 0x00, 0x10, 0x00, 0x11, 0xF8, 0x7D, 0x08, 0x21, 0xF8,
    0x28, 0x00, 0x2B, 0xFC, 0x69, 0x08, 0x7D, 0xF8, 0x09, 0x08, 0x09, 0x08,
    0x1D, 0xF8, 0x79, 0x08, 0x0B, 0xFC, 0x08, 0x08, 0x08, 0x08, 0x00, 0x00,
    0x20, 0x60, 0x20, 0x60, 0x7C, 0xB0, 0x23, 0x1C, 0x27, 0xFC, 0x70, 0x00,
    0x53, 0xD4, 0x7E, 0x54, 0x13, 0xD4, 0x12, 0x54, 0x1E, 0x54, 0x7B, 0xD4,
    0x12, 0x44, 0x12, 0x44, 0x12, 0xDC, 0x00, 0x00, 0x20, 0x90, 0x30, 0x90,
    0x7C, 0xFC, 0x0A, 0xA0, 0x6A, 0xA4, 0x2A, 0xA8, 0x7E, 0x88, 0x12, 0xFC,
    0x10, 0x90, 0x7D, 0x90, 0x31, 0x7C, 0x21, 0x10, 0x23, 0x10, 0x66, 0x10,
    0x40, 0x10, 0x00, 0x00, 0x00, 0x10, 0x60, 0x10, 0x30, 0x10, 0x17, 0xFC,
    0x00, 0x10, 0x02, 0x10, 0x73, 0x10, 0x11, 0x10, 0x11, 0x90, 0x10, 0x10,
    0x10, 0x10, 0x30, 0xF0, 0x7C, 0x00, 0x47, 0xFC, 0x00, 0x00, 0x00, 0x00,
    0x63, 0xF8, 0x30, 0x00, 0x10, 0x00, 0x00, 0x00, 0x07, 0xFC, 0x71, 0x80,
    0x11, 0x30, 0x11, 0x10, 0x12, 0x18, 0x17, 0xF8, 0x17, 0xCC, 0x30, 0x00,
    0x7C, 0x00, 0x47, 0xFC, 0x00, 0x00, 0x00, 0x00, 0x00, 0x18, 0x63, 0xF0,
    0x32, 0x00, 0x12, 0x00, 0x02, 0x00, 0x03, 0xFC, 0x72, 0x30, 0x12, 0x30,
    0x12, 0x30, 0x12, 0x30, 0x16, 0x30, 0x34, 0x30, 0x7C, 0x00, 0x47, 0xFC,
    0x00, 0x00, 0x00, 0x00, 0x00, 0x00, 0x63, 0xF0, 0x32, 0x00, 0x12, 0x00,
    0x03, 0xF8, 0x02, 0x08, 0x72, 0x18, 0x36, 0xD0, 0x16, 0x70, 0x14, 0x70,
    0x1D, 0xD8, 0x31, 0x08, 0x7C, 0x00, 0x47, 0xFC, 0x00, 0x00, 0x00, 0x00,
    0x37, 0xFC, 0x10, 0x60, 0x10, 0x40, 0x00, 0xC0, 0x01, 0xC0, 0x71, 0xF0,
    0x13, 0x58, 0x16, 0x4C, 0x14, 0x44, 0x10, 0x40, 0x10, 0x40, 0x30, 0x40,
    0x6C, 0x00, 0x47, 0xFC, 0x00, 0x00, 0x00, 0x00, 0x00, 0x80, 0x60, 0xC0,
    0x30, 0x40, 0x1F, 0xFC, 0x00, 0x10, 0x06, 0x30, 0x73, 0x20, 0x10, 0xE0,
    0x10, 0xE0, 0x11, 0xB0, 0x17, 0x18, 0x34, 0x08, 0x7C, 0x00, 0x47, 0xFC,
    0x00, 0x00, 0x00, 0x00, 0x00, 0x00, 0x61, 0x10, 0x31, 0x10, 0x17, 0xFC,
    0x01, 0x10, 0x01, 0x10, 0x71, 0x10, 0x17, 0xFC, 0x11, 0x10, 0x13, 0x10,
    0x12, 0x10, 0x36, 0x10, 0x7C, 0x00, 0x47, 0xFC, 0x00, 0x00, 0x00, 0x00,
    0x00, 0x00, 0x63, 0xF8, 0x32, 0x08, 0x13, 0xF8, 0x02, 0x08, 0x02, 0x08,
    0x73, 0xF8, 0x12, 0x0C, 0x12, 0x78, 0x12, 0x30, 0x13, 0xD8, 0x17, 0x08,
    0x7C, 0x00, 0x47, 0xFC, 0x00, 0x00, 0x00, 0x00, 0x21, 0x10, 0x31, 0x30,
    0x17, 0xFC, 0x00, 0x40, 0x00, 0x40, 0x70, 0x40, 0x17, 0xFC, 0x10, 0xC0,
    0x10, 0xE0, 0x11, 0xB0, 0x13, 0x18, 0x36, 0x08, 0x7C, 0x00, 0x47, 0xFC,
    0x00, 0x00, 0x00, 0x00, 0x63, 0x40, 0x33, 0xFC, 0x16, 0x40, 0x04, 0x40,
    0x00, 0x40, 0x77, 0xFC, 0x11, 0xA0, 0x11, 0x20, 0x11, 0x24, 0x12, 0x24,
    0x14, 0x3C, 0x38, 0x00, 0x6E, 0x04, 0x47, 0xFC, 0x00, 0x00, 0x00, 0x00,
    0x00, 0x40, 0x60, 0xE0, 0x31, 0x30, 0x06, 0x1C, 0x0F, 0xF4, 0x00, 0x40,
    0x70, 0x40, 0x17, 0xFC, 0x10, 0x40, 0x12, 0x58, 0x16, 0x48, 0x14, 0x4C,
    0x31, 0xC0, 0x6C, 0x00, 0x47, 0xFC, 0x00, 0x00, 0x00, 0x00, 0x47, 0xF8,
    0x21, 0x18, 0x10, 0xE0, 0x07, 0xFC, 0x06, 0x44, 0x77, 0xFC, 0x16, 0x44,
    0x16, 0x44, 0x17, 0xFC, 0x16, 0x44, 0x36, 0x5C, 0x7C, 0x00, 0x47, 0xFC,
    0x00, 0x00, 0x00, 0x00, 0x67, 0xFC, 0x34, 0xA4, 0x14, 0xA4, 0x07, 0xFC,
    0x00, 0x80, 0x71, 0xF8, 0x13, 0x18, 0x17, 0x90, 0x10, 0xF0, 0x10, 0x60,
    0x11, 0xC0, 0x37, 0x00, 0x6C, 0x00, 0x47, 0xFC, 0x00, 0x00, 0x00, 0x00,
    0x03, 0x10, 0x61, 0x30, 0x37, 0xFC, 0x10, 0xC0, 0x00, 0xC0, 0x03, 0xF8,
    0x72, 0x08, 0x13, 0xF8, 0x12, 0x08, 0x13, 0xF8, 0x12, 0x08, 0x13, 0xF8,
    0x7C, 0x00, 0x47, 0xFC, 0x00, 0x00, 0x00, 0x00, 0x00, 0x00, 0x7F, 0x7C,
    0x13, 0x4C, 0x13, 0x48, 0x13, 0x48, 0x7F, 0x50, 0x13, 0x50, 0x13, 0x48,
    0x7F, 0x44, 0x33, 0x44, 0x23, 0x44, 0x22, 0x78, 0x62, 0x40, 0x4E, 0x40,
    0x00, 0x00, 0x00, 0x00, 0x08, 0x00, 0x08, 0x7C, 0x7F, 0x6C, 0x22, 0x48,
    0x32, 0x48, 0x16, 0x58, 0x7F, 0xD8, 0x00, 0x48, 0x00, 0x44, 0x3F, 0x44,
    0x21, 0x44, 0x21, 0x7C, 0x21, 0x40, 0x3F, 0x40, 0x21, 0x40, 0x00, 0x00,
    0x08, 0x00, 0x09, 0xFC, 0x7F, 0x44, 0x0A, 0x4C, 0x0E, 0x48, 0x7F, 0x58,
    0x08, 0x50, 0x18, 0x48, 0x7F, 0x4C, 0x61, 0x44, 0x3F, 0x44, 0x21, 0x44,
    0x21, 0x5C, 0x3F, 0x40, 0x21, 0x40, 0x00, 0x00, 0x00, 0x00, 0x7F, 0xFC,
    0x14, 0x04, 0x14, 0x04, 0x7E, 0x04, 0x52, 0x04, 0x52, 0xFC, 0x52, 0xC4,
    0x66, 0xC0, 0x42, 0xC0, 0x7E, 0xC0, 0x42, 0xC4, 0x42, 0xC4, 0x7E, 0xC4,
    0x42, 0x7C, 0x00, 0x00, 0x00, 0x00, 0x03, 0xF8, 0x7F, 0xC0, 0x02, 0x08,
    0x33, 0x18, 0x11, 0x30, 0x11, 0x20, 0x01, 0x00, 0x7F, 0xFC, 0x07, 0xC0,
    0x0D, 0x60, 0x19, 0x30, 0x31, 0x18, 0x61, 0x0C, 0x01, 0x00, 0x00, 0x00,
    0x04, 0x00, 0x7D, 0xFC, 0x10, 0x88, 0x54, 0xD8, 0x3C, 0x70, 0x10, 0x70,
    0x7F, 0x8C, 0x18, 0x20, 0x3D, 0xFC, 0x34, 0x20, 0x50, 0x20, 0x53, 0xFC,
    0x10, 0x20, 0x10, 0x20, 0x10, 0x20, 0x00, 0x00, 0x00, 0x00, 0x3F, 0xF8,
    0x31, 0x08, 0x31, 0x08, 0x3F, 0xF8, 0x31, 0x08, 0x31, 0x08, 0x3F, 0xF8,
    0x01, 0x00, 0x01, 0x00, 0x3F, 0xF8, 0x01, 0x00, 0x01, 0x00, 0x7F, 0xFC,
    0x00, 0x00, 0x00, 0x00, 0x00, 0x00, 0x00, 0x70, 0x3F, 0xE0, 0x01, 0x00,
    0x7F, 0xFC, 0x01, 0x00, 0x3F, 0xF8, 0x31, 0x18, 0x3F, 0xF8, 0x31, 0x18,
    0x3F, 0xF8, 0x01, 0x00, 0x3F, 0xF8, 0x01, 0x00, 0x7F, 0xFC, 0x00, 0x00,
    0x00, 0x00, 0x1F, 0xF0, 0x1F, 0xF0, 0x10, 0x10, 0x1F, 0xF0, 0x7F, 0xFC,
    0x00, 0x00, 0x3F, 0xF8, 0x3F, 0xF8, 0x31, 0x08, 0x3F, 0xF8, 0x3F, 0xF8,
    0x01, 0x00, 0x7F, 0xFC, 0x00, 0x00, 0x00, 0x00, 0x20, 0x00, 0x23, 0xFC,
    0x7C, 0x4C, 0x40, 0x4C, 0xC0, 0x4C, 0x7C, 0x48, 0x10, 0xC8, 0x13, 0xF8,
    0x7C, 0xC8, 0x10, 0x88, 0x10, 0x88, 0x14, 0x88, 0x1C, 0x88, 0x37, 0xFC,
    0x00, 0x00, 0x00, 0x00, 0x20, 0x20, 0x26, 0x20, 0x7A, 0xFC, 0x42, 0x40,
    0x40, 0x50, 0x78, 0x90, 0x36, 0xFC, 0x32, 0x10, 0x7A, 0x10, 0x33, 0xFC,
    0x32, 0x10, 0x3A, 0x10, 0x3F, 0x80, 0x24, 0xFC, 0x00, 0x00, 0x00, 0x00,
    0x00, 0x90, 0x20, 0x90, 0x3D, 0xFC, 0x40, 0x90, 0x40, 0x90, 0x3F, 0xFC,
    0x10, 0x00, 0x10, 0x00, 0x7D, 0xF8, 0x11, 0x08, 0x11, 0xF8, 0x11, 0x08,
    0x1D, 0x08, 0x39, 0xF8, 0x01, 0x08, 0x00, 0x00, 0x00, 0x20, 0x21, 0xFC,
    0x3C, 0x88, 0x40, 0x90, 0x43, 0xFC, 0x7C, 0x00, 0x11, 0xFC, 0x11, 0x0C,
    0x7D, 0xFC, 0x11, 0x0C, 0x11, 0xFC, 0x14, 0x90, 0x1C, 0x90, 0x31, 0x94,
    0x07, 0x1C, 0x00, 0x00, 0x08, 0x00, 0x08, 0x10, 0x08, 0x30, 0x08, 0xE0,
    0x09, 0x80, 0x0B, 0x00, 0x08, 0x00, 0x7F, 0xFC, 0x09, 0x80, 0x08, 0x80,
    0x08, 0xC0, 0x08, 0x60, 0x09, 0xB8, 0x1F, 0x0C, 0x18, 0x00, 0x00, 0x00,
    0x20, 0x00, 0x37, 0xFC, 0x18, 0x04, 0x08, 0x04, 0x41, 0x04, 0x41, 0x04,
    0x43, 0x04, 0x43, 0x84, 0x46, 0xC4, 0x44, 0x44, 0x4C, 0x64, 0x58, 0x24,
    0x40, 0x04, 0x40, 0x0C, 0x40, 0x38, 0x00, 0x00, 0x20, 0x00, 0x37, 0xFC,
    0x10, 0x0C, 0x00, 0xCC, 0x60, 0xCC, 0x6F, 0xFC, 0x61, 0xCC, 0x61, 0xCC,
    0x62, 0xCC, 0x66, 0xCC, 0x78, 0xCC, 0x60, 0xCC, 0x63, 0x8C, 0x60, 0x0C,
    0x40, 0x18, 0x00, 0x00, 0x37, 0xFC, 0x10, 0x04, 0x08, 0x04, 0x41, 0x04,
    0x41, 0x04, 0x5F, 0xF4, 0x43, 0x84, 0x47, 0xC4, 0x45, 0x64, 0x4D, 0x24,
    0x59, 0x04, 0x41, 0x04, 0x41, 0x0C, 0x40, 0x38, 0x00, 0x00, 0x00, 0x00,
    0x37, 0xFC, 0x10, 0x0C, 0x00, 0x0C, 0x60, 0x0C, 0x67, 0xCC, 0x64, 0x4C,
    0x64, 0x4C, 0x67, 0xCC, 0x64, 0x4C, 0x64, 0x4C, 0x67, 0xCC, 0x60, 0x0C,
    0x60, 0x0C, 0x60, 0x18, 0x00, 0x00, 0x00, 0x00, 0x20, 0x00, 0x37, 0xFC,
    0x10, 0x0C, 0x04, 0x4C, 0x66, 0x8C, 0x6F, 0xEC, 0x68, 0x2C, 0x68, 0x2C,
    0x6F, 0xEC, 0x62, 0x8C, 0x66, 0x8C, 0x64, 0x9C, 0x68, 0xEC, 0x60, 0x0C,
    0x40, 0x18, 0x00, 0x00, 0x00, 0x40, 0x7C, 0x60, 0x64, 0x40, 0x6C, 0x40,
    0x68, 0x40, 0x68, 0x40, 0x6C, 0x60, 0x64, 0x60, 0x64, 0x60, 0x64, 0xE0,
    0x7C, 0x90, 0x61, 0x90, 0x61, 0x08, 0x63, 0x0C, 0x22, 0x04, 0x00, 0x00,
    0x00, 0x40, 0x7C, 0xC0, 0x6B, 0xFC, 0x68, 0x80, 0x78, 0xA0, 0x71, 0xA0,
    0x69, 0x20, 0x6B, 0xFC, 0x6C, 0x20, 0x6C, 0x20, 0x78, 0x20, 0x63, 0xFC,
    0x60, 0x20, 0x60, 0x20, 0x40, 0x20, 0x00, 0x00, 0x00, 0x40, 0x7C, 0x60,
    0x48, 0xE0, 0x48, 0x90, 0x59, 0x18, 0x53, 0x0C, 0x48, 0x10, 0x4D, 0x90,
    0x4D, 0x90, 0x4D, 0x90, 0x79, 0x90, 0x41, 0x10, 0x41, 0x10, 0x43, 0x10,
    0x42, 0x10, 0x00, 0x00, 0x00, 0x00, 0x7D, 0xF8, 0x4D, 0x08, 0x49, 0x08,
    0x59, 0x08, 0x59, 0xF8, 0x49, 0x08, 0x4D, 0x08, 0x45, 0x08, 0x4D, 0xF8,
    0x79, 0x08, 0x41, 0x08, 0x41, 0x08, 0x47, 0xFC, 0x40, 0x00, 0x00, 0x00,
    0x00, 0x00, 0x7D, 0xF8, 0x6D, 0x08, 0x69, 0x08, 0x69, 0xF8, 0x79, 0x08,
    0x69, 0x08, 0x6D, 0xF8, 0x65, 0x40, 0x6D, 0x2C, 0x79, 0x38, 0x61, 0x30,
    0x61, 0x18, 0x63, 0xCC, 0x43, 0x04, 0x00, 0x00, 0x00, 0x80, 0x79, 0xF0,
    0x4B, 0x30, 0x4A, 0x20, 0x5B, 0xF8, 0x50, 0x0C, 0x5B, 0xFC, 0x48, 0x0C,
    0x48, 0x0C, 0x4B, 0xFC, 0x58, 0xC0, 0x43, 0x68, 0x45, 0x0C, 0x45, 0x14,
    0x41, 0xF0, 0x00, 0x00, 0x00, 0x40, 0x7B, 0xFC, 0x49, 0x10, 0x49, 0x90,
    0x57, 0xFC, 0x50, 0x00, 0x5B, 0xF8, 0x4B, 0x08, 0x4B, 0xF8, 0x4B, 0xF8,
    0x58, 0x40, 0x47, 0xFC, 0x40, 0x40, 0x40, 0x40, 0x40, 0x40, 0x00, 0x00,
    0x00, 0x40, 0x7E, 0xD0, 0x04, 0x90, 0x24, 0xFC, 0x65, 0x90, 0x47, 0x90,
    0x7E, 0xFC, 0x0C, 0x90, 0x1C, 0x90, 0x14, 0x90, 0x34, 0xFC, 0x24, 0x90,
    0x44, 0x90, 0x44, 0xFC, 0x1C, 0x80, 0x00, 0x00, 0x00, 0x00, 0x3F, 0xF8,
    0x01, 0x00, 0x7F, 0xFC, 0x5D, 0x74, 0x01, 0x00, 0x1D, 0x70, 0x00, 0x00,
    0x7F, 0xFC, 0x01, 0x00, 0x3F, 0xF8, 0x26, 0x48, 0x26, 0x48, 0x26, 0x48,
    0x24, 0x58, 0x00, 0x00, 0x04, 0x40, 0x06, 0x40, 0x06, 0x40, 0x7E, 0x7C,
    0x06, 0x40, 0x06, 0x40, 0x7E, 0x7C, 0x06, 0x40, 0x06, 0x40, 0x06, 0x40,
    0x7E, 0x7C, 0x06, 0x40, 0x06, 0x40, 0x06, 0x40, 0x04, 0x40, 0x00, 0x00,
    0x00, 0x00, 0x7F, 0xFC, 0x03, 0x00, 0x03, 0x00, 0x7F, 0xF8, 0x64, 0x48,
    0x64, 0x48, 0x67, 0xC8, 0x64, 0x48, 0x64, 0x48, 0x67, 0xC8, 0x64, 0x48,
    0x64, 0x48, 0x7F, 0xF8, 0x20, 0x08, 0x00, 0x00, 0x00, 0x00, 0x3F, 0xFE,
    0x01, 0x80, 0x01, 0x00, 0x0F, 0xFC, 0x08, 0x0C, 0x08, 0x8C, 0x08, 0x8C,
    0x08, 0x8C, 0x08, 0x8C, 0x08, 0x8C, 0x01, 0x60, 0x07, 0x38, 0x1C, 0x0C,
    0x30, 0x02, 0x00, 0x00, 0x00, 0x00, 0x03, 0xFC, 0x7C, 0x40, 0x30, 0x40,
    0x13, 0xF8, 0x12, 0x08, 0x12, 0x48, 0x12, 0x48, 0x12, 0x48, 0x1E, 0x48,
    0x7A, 0x48, 0x40, 0xC0, 0x00, 0x90, 0x07, 0x0C, 0x04, 0x04, 0x00, 0x00,
    0x00, 0x00, 0x08, 0xFC, 0x7F, 0x20, 0x43, 0x20, 0x10, 0xFC, 0x3E, 0x84,
    0x64, 0xA4, 0x1C, 0xA4, 0x3E, 0xA4, 0x62, 0xA4, 0x3E, 0xA4, 0x26, 0x20,
    0x26, 0x58, 0x3E, 0xCC, 0x21, 0x00, 0x00, 0x00, 0x00, 0x00, 0x7D, 0xFC,
    0x0D, 0x00, 0x09, 0x08, 0x69, 0x48, 0x69, 0x68, 0x49, 0x38, 0x49, 0x30,
    0x7D, 0x30, 0x05, 0x38, 0x15, 0x4C, 0x75, 0xC4, 0x05, 0x00, 0x0D, 0xFC,
    0x38, 0x00, 0x00, 0x00, 0x00, 0x40, 0x7C, 0x60, 0x0C, 0x20, 0x6F, 0xFC,
    0x68, 0x20, 0x68, 0x20, 0x48, 0x20, 0x48, 0x20, 0x7F, 0xFC, 0x04, 0x20,
    0x1C, 0x20, 0x64, 0x20, 0x04, 0x20, 0x0F, 0xFC, 0x38, 0x00, 0x00, 0x00,
    0x00, 0x20, 0x7C, 0x60, 0x0C, 0xF0, 0x28, 0x98, 0x69, 0x0C, 0x6A, 0xFC,
    0x48, 0x00, 0x48, 0x00, 0x7D, 0x24, 0x05, 0x28, 0x05, 0xA8, 0x74, 0x98,
    0x04, 0x10, 0x0F, 0xFC, 0x38, 0x00, 0x00, 0x00, 0x00, 0x80, 0x00, 0x80,
    0x3F, 0xFE, 0x00, 0x00, 0x0F, 0xF8, 0x08, 0x08, 0x0F, 0xF8, 0x00, 0x00,
    0x3F, 0xFE, 0x30, 0x06, 0x37, 0xF6, 0x34, 0x36, 0x37, 0xF6, 0x34, 0x06,
    0x30, 0x0C, 0x00, 0x00, 0x00, 0x20, 0x7E, 0x30, 0x6A, 0x28, 0x6E, 0x2C,
    0x5E, 0x20, 0x7F, 0xFC, 0x08, 0x20, 0x08, 0x30, 0x7E, 0x30, 0x08, 0x70,
    0x7F, 0x50, 0x02, 0x48, 0x56, 0xCC, 0x55, 0x84, 0x00, 0x00, 0x00, 0x00,
    0x00, 0x80, 0x01, 0x80, 0x01, 0x00, 0x02, 0x00, 0x02, 0x00, 0x06, 0x00,
    0x06, 0x00, 0x06, 0x00, 0x06, 0x00, 0x02, 0x00, 0x02, 0x00, 0x03, 0x00,
    0x01, 0x00, 0x00, 0x80, 0x00, 0x00, 0x00, 0x00, 0x02, 0x00, 0x03, 0x00,
    0x01, 0x00, 0x00, 0x80, 0x00, 0x80, 0x00, 0xC0, 0x00, 0xC0, 0x00, 0xC0,
    0x00, 0xC0, 0x00, 0x80, 0x00, 0x80, 0x01, 0x80, 0x01, 0x00, 0x02, 0x00,
    0x00, 0x00, 0x00, 0x00, 0x00, 0x00, 0x00, 0x00, 0x00, 0x00, 0x00, 0x00,
    0x00, 0x00, 0x01, 0x80, 0x01, 0x80, 0x00, 0x80, 0x01, 0x80, 0x03, 0x00,
    0x00, 0x00, 0x00, 0x00, 0x00, 0x00, 0x00, 0x00, 0x00, 0x00, 0x00, 0x00,
    0x00, 0x00, 0x00, 0x00, 0x00, 0x00, 0x01, 0x80, 0x01, 0x80, 0x00, 0x00,
    0x00, 0x00, 0x00, 0x00, 0x00, 0x00, 0x00, 0x00, 0x01, 0x80, 0x01, 0x80,
    0x00, 0x00, 0x00, 0x00, 0x00, 0x00, 0x00, 0x00, 0x00, 0x00, 0x01, 0x80,
    0x01, 0x80, 0x00, 0x00, 0x00, 0x00, 0x00, 0x00, 0x00, 0x00, 0x01, 0x80,
    0x01, 0x80, 0x00, 0x80, 0x00, 0x80, 0x01, 0x80, 0x03, 0x00, 0x00, 0x00,
    0x00, 0x00, 0x00, 0x00,
};

/** 汉字映射表 */
static const font_map_t g_font_cjk_map[FONT_CJK_COUNT] = {
    { 0x00B7, 95 },   /* · */
    { 0x2014, 96 },   /* — */
    { 0x2026, 97 },   /* … */
    { 0x2103, 98 },   /* ℃ */
    { 0x2192, 99 },   /* → */
    { 0x2460, 100 },   /* ① */
    { 0x2461, 101 },   /* ② */
    { 0x2605, 102 },   /* ★ */
    { 0x26A0, 103 },   /* ⚠ */
    { 0x3001, 104 },   /* 、 */
    { 0x3002, 105 },   /* 。 */
    { 0x300C, 106 },   /* 「 */
    { 0x300D, 107 },   /* 」 */
    { 0x4E00, 108 },   /* 一 */
    { 0x4E0A, 109 },   /* 上 */
    { 0x4E0B, 110 },   /* 下 */
    { 0x4E0D, 111 },   /* 不 */
    { 0x4E0E, 112 },   /* 与 */
    { 0x4E22, 113 },   /* 丢 */
    { 0x4E24, 114 },   /* 两 */
    { 0x4E25, 115 },   /* 严 */
    { 0x4E2A, 116 },   /* 个 */
    { 0x4E2D, 117 },   /* 中 */
    { 0x4E3A, 118 },   /* 为 */
    { 0x4E3B, 119 },   /* 主 */
    { 0x4E5D, 120 },   /* 九 */
    { 0x4E5F, 121 },   /* 也 */
    { 0x4E86, 122 },   /* 了 */
    { 0x4E8B, 123 },   /* 事 */
    { 0x4E8E, 124 },   /* 于 */
    { 0x4EA4, 125 },   /* 交 */
    { 0x4EA7, 126 },   /* 产 */
    { 0x4EBA, 127 },   /* 人 */
    { 0x4EC5, 128 },   /* 仅 */
    { 0x4ECD, 129 },   /* 仍 */
    { 0x4ECE, 130 },   /* 从 */
    { 0x4ED6, 131 },   /* 他 */
    { 0x4EE5, 132 },   /* 以 */
    { 0x4EEA, 133 },   /* 仪 */
    { 0x4EF2, 134 },   /* 仲 */
    { 0x4EF6, 135 },   /* 件 */
    { 0x4EFB, 136 },   /* 任 */
    { 0x4F18, 137 },   /* 优 */
    { 0x4F1A, 138 },   /* 会 */
    { 0x4F20, 139 },   /* 传 */
    { 0x4F46, 140 },   /* 但 */
    { 0x4F4D, 141 },   /* 位 */
    { 0x4F4E, 142 },   /* 低 */
    { 0x4F53, 143 },   /* 体 */
    { 0x4F55, 144 },   /* 何 */
    { 0x4F5C, 145 },   /* 作 */
    { 0x4F7F, 146 },   /* 使 */
    { 0x4F8B, 147 },   /* 例 */
    { 0x4FA7, 148 },   /* 侧 */
    { 0x4FBF, 149 },   /* 便 */
    { 0x4FDD, 150 },   /* 保 */
    { 0x4FE1, 151 },   /* 信 */
    { 0x4FEE, 152 },   /* 修 */
    { 0x503C, 153 },   /* 值 */
    { 0x505C, 154 },   /* 停 */
    { 0x5076, 155 },   /* 偶 */
    { 0x50A8, 156 },   /* 储 */
    { 0x50CF, 157 },   /* 像 */
    { 0x5141, 158 },   /* 允 */
    { 0x5145, 159 },   /* 充 */
    { 0x5148, 160 },   /* 先 */
    { 0x5149, 161 },   /* 光 */
    { 0x5165, 162 },   /* 入 */
    { 0x5168, 163 },   /* 全 */
    { 0x5171, 164 },   /* 共 */
    { 0x5173, 165 },   /* 关 */
    { 0x5176, 166 },   /* 其 */
    { 0x5185, 167 },   /* 内 */
    { 0x518D, 168 },   /* 再 */
    { 0x5199, 169 },   /* 写 */
    { 0x51B2, 170 },   /* 冲 */
    { 0x51C0, 171 },   /* 净 */
    { 0x51C6, 172 },   /* 准 */
    { 0x51FA, 173 },   /* 出 */
    { 0x51FB, 174 },   /* 击 */
    { 0x5206, 175 },   /* 分 */
    { 0x5207, 176 },   /* 切 */
    { 0x5217, 177 },   /* 列 */
    { 0x5219, 178 },   /* 则 */
    { 0x521B, 179 },   /* 创 */
    { 0x5224, 180 },   /* 判 */
    { 0x522B, 181 },   /* 别 */
    { 0x5230, 182 },   /* 到 */
    { 0x5236, 183 },   /* 制 */
    { 0x5237, 184 },   /* 刷 */
    { 0x524D, 185 },   /* 前 */
    { 0x529B, 186 },   /* 力 */
    { 0x529E, 187 },   /* 办 */
    { 0x529F, 188 },   /* 功 */
    { 0x52A0, 189 },   /* 加 */
    { 0x52A8, 190 },   /* 动 */
    { 0x52A9, 191 },   /* 助 */
    { 0x5305, 192 },   /* 包 */
    { 0x5316, 193 },   /* 化 */
    { 0x533A, 194 },   /* 区 */
    { 0x5347, 195 },   /* 升 */
    { 0x534A, 196 },   /* 半 */
    { 0x534F, 197 },   /* 协 */
    { 0x5355, 198 },   /* 单 */
    { 0x5360, 199 },   /* 占 */
    { 0x5370, 200 },   /* 印 */
    { 0x5373, 201 },   /* 即 */
    { 0x5374, 202 },   /* 却 */
    { 0x5382, 203 },   /* 厂 */
    { 0x5386, 204 },   /* 历 */
    { 0x538B, 205 },   /* 压 */
    { 0x539F, 206 },   /* 原 */
    { 0x53BB, 207 },   /* 去 */
    { 0x53C2, 208 },   /* 参 */
    { 0x53CD, 209 },   /* 反 */
    { 0x53D1, 210 },   /* 发 */
    { 0x53D6, 211 },   /* 取 */
    { 0x53D7, 212 },   /* 受 */
    { 0x53D8, 213 },   /* 变 */
    { 0x53E3, 214 },   /* 口 */
    { 0x53E5, 215 },   /* 句 */
    { 0x53EA, 216 },   /* 只 */
    { 0x53EF, 217 },   /* 可 */
    { 0x53F2, 218 },   /* 史 */
    { 0x53F3, 219 },   /* 右 */
    { 0x53F7, 220 },   /* 号 */
    { 0x5403, 221 },   /* 吃 */
    { 0x5408, 222 },   /* 合 */
    { 0x540C, 223 },   /* 同 */
    { 0x540D, 224 },   /* 名 */
    { 0x540E, 225 },   /* 后 */
    { 0x5411, 226 },   /* 向 */
    { 0x5426, 227 },   /* 否 */
    { 0x542C, 228 },   /* 听 */
    { 0x542F, 229 },   /* 启 */
    { 0x544A, 230 },   /* 告 */
    { 0x547D, 231 },   /* 命 */
    { 0x548C, 232 },   /* 和 */
    { 0x54CD, 233 },   /* 响 */
    { 0x5546, 234 },   /* 商 */
    { 0x5668, 235 },   /* 器 */
    { 0x56DE, 236 },   /* 回 */
    { 0x56E0, 237 },   /* 因 */
    { 0x56FE, 238 },   /* 图 */
    { 0x5728, 239 },   /* 在 */
    { 0x5730, 240 },   /* 地 */
    { 0x5750, 241 },   /* 坐 */
    { 0x5757, 242 },   /* 块 */
    { 0x578B, 243 },   /* 型 */
    { 0x57DF, 244 },   /* 域 */
    { 0x586B, 245 },   /* 填 */
    { 0x5883, 246 },   /* 境 */
    { 0x589E, 247 },   /* 增 */
    { 0x5904, 248 },   /* 处 */
    { 0x5907, 249 },   /* 备 */
    { 0x590D, 250 },   /* 复 */
    { 0x5916, 251 },   /* 外 */
    { 0x591A, 252 },   /* 多 */
    { 0x5927, 253 },   /* 大 */
    { 0x5931, 254 },   /* 失 */
    { 0x5957, 255 },   /* 套 */
    { 0x5982, 256 },   /* 如 */
    { 0x59CB, 257 },   /* 始 */
    { 0x5B50, 258 },   /* 子 */
    { 0x5B57, 259 },   /* 字 */
    { 0x5B58, 260 },   /* 存 */
    { 0x5B83, 261 },   /* 它 */
    { 0x5B8C, 262 },   /* 完 */
    { 0x5B9A, 263 },   /* 定 */
    { 0x5B9E, 264 },   /* 实 */
    { 0x5BAB, 265 },   /* 宫 */
    { 0x5BF9, 266 },   /* 对 */
    { 0x5BFC, 267 },   /* 导 */
    { 0x5C04, 268 },   /* 射 */
    { 0x5C06, 269 },   /* 将 */
    { 0x5C0F, 270 },   /* 小 */
    { 0x5C11, 271 },   /* 少 */
    { 0x5C14, 272 },   /* 尔 */
    { 0x5C1A, 273 },   /* 尚 */
    { 0x5C31, 274 },   /* 就 */
    { 0x5C42, 275 },   /* 层 */
    { 0x5C4F, 276 },   /* 屏 */
    { 0x5C55, 277 },   /* 展 */
    { 0x5DE5, 278 },   /* 工 */
    { 0x5DE6, 279 },   /* 左 */
    { 0x5DF2, 280 },   /* 已 */
    { 0x5E27, 281 },   /* 帧 */
    { 0x5E2E, 282 },   /* 帮 */
    { 0x5E38, 283 },   /* 常 */
    { 0x5E55, 284 },   /* 幕 */
    { 0x5E72, 285 },   /* 干 */
    { 0x5E76, 286 },   /* 并 */
    { 0x5E8F, 287 },   /* 序 */
    { 0x5E93, 288 },   /* 库 */
    { 0x5E94, 289 },   /* 应 */
    { 0x5EA6, 290 },   /* 度 */
    { 0x5EFA, 291 },   /* 建 */
    { 0x5F00, 292 },   /* 开 */
    { 0x5F02, 293 },   /* 异 */
    { 0x5F03, 294 },   /* 弃 */
    { 0x5F0F, 295 },   /* 式 */
    { 0x5F53, 296 },   /* 当 */
    { 0x5F55, 297 },   /* 录 */
    { 0x5F62, 298 },   /* 形 */
    { 0x5F71, 299 },   /* 影 */
    { 0x5F84, 300 },   /* 径 */
    { 0x5F85, 301 },   /* 待 */
    { 0x5FAA, 302 },   /* 循 */
    { 0x5FC3, 303 },   /* 心 */
    { 0x5FD7, 304 },   /* 志 */
    { 0x5FFD, 305 },   /* 忽 */
    { 0x6001, 306 },   /* 态 */
    { 0x6027, 307 },   /* 性 */
    { 0x603B, 308 },   /* 总 */
    { 0x6052, 309 },   /* 恒 */
    { 0x6062, 310 },   /* 恢 */
    { 0x60C5, 311 },   /* 情 */
    { 0x60F3, 312 },   /* 想 */
    { 0x610F, 313 },   /* 意 */
    { 0x6210, 314 },   /* 成 */
    { 0x6216, 315 },   /* 或 */
    { 0x6237, 316 },   /* 户 */
    { 0x624B, 317 },   /* 手 */
    { 0x6253, 318 },   /* 打 */
    { 0x6267, 319 },   /* 执 */
    { 0x6269, 320 },   /* 扩 */
    { 0x6279, 321 },   /* 批 */
    { 0x627E, 322 },   /* 找 */
    { 0x628A, 323 },   /* 把 */
    { 0x6293, 324 },   /* 抓 */
    { 0x62A2, 325 },   /* 抢 */
    { 0x62A5, 326 },   /* 报 */
    { 0x62C9, 327 },   /* 拉 */
    { 0x62D6, 328 },   /* 拖 */
    { 0x62DF, 329 },   /* 拟 */
    { 0x6301, 330 },   /* 持 */
    { 0x6307, 331 },   /* 指 */
    { 0x6309, 332 },   /* 按 */
    { 0x6362, 333 },   /* 换 */
    { 0x636E, 334 },   /* 据 */
    { 0x6389, 335 },   /* 掉 */
    { 0x6392, 336 },   /* 排 */
    { 0x63A2, 337 },   /* 探 */
    { 0x63A5, 338 },   /* 接 */
    { 0x63A7, 339 },   /* 控 */
    { 0x63A8, 340 },   /* 推 */
    { 0x63D0, 341 },   /* 提 */
    { 0x63E1, 342 },   /* 握 */
    { 0x6478, 343 },   /* 摸 */
    { 0x64CD, 344 },   /* 操 */
    { 0x6536, 345 },   /* 收 */
    { 0x6539, 346 },   /* 改 */
    { 0x653E, 347 },   /* 放 */
    { 0x6545, 348 },   /* 故 */
    { 0x6570, 349 },   /* 数 */
    { 0x6574, 350 },   /* 整 */
    { 0x6587, 351 },   /* 文 */
    { 0x65B0, 352 },   /* 新 */
    { 0x65B9, 353 },   /* 方 */
    { 0x65E0, 354 },   /* 无 */
    { 0x65E5, 355 },   /* 日 */
    { 0x65F6, 356 },   /* 时 */
    { 0x660E, 357 },   /* 明 */
    { 0x6620, 358 },   /* 映 */
    { 0x662F, 359 },   /* 是 */
    { 0x663E, 360 },   /* 显 */
    { 0x6682, 361 },   /* 暂 */
    { 0x66F2, 362 },   /* 曲 */
    { 0x6700, 363 },   /* 最 */
    { 0x6709, 364 },   /* 有 */
    { 0x671B, 365 },   /* 望 */
    { 0x671F, 366 },   /* 期 */
    { 0x672A, 367 },   /* 未 */
    { 0x672C, 368 },   /* 本 */
    { 0x673A, 369 },   /* 机 */
    { 0x6743, 370 },   /* 权 */
    { 0x675F, 371 },   /* 束 */
    { 0x6761, 372 },   /* 条 */
    { 0x6765, 373 },   /* 来 */
    { 0x677F, 374 },   /* 板 */
    { 0x6784, 375 },   /* 构 */
    { 0x6790, 376 },   /* 析 */
    { 0x679C, 377 },   /* 果 */
    { 0x67D3, 378 },   /* 染 */
    { 0x67E5, 379 },   /* 查 */
    { 0x6807, 380 },   /* 标 */
    { 0x6837, 381 },   /* 样 */
    { 0x6838, 382 },   /* 核 */
    { 0x683C, 383 },   /* 格 */
    { 0x6848, 384 },   /* 案 */
    { 0x684C, 385 },   /* 桌 */
    { 0x68C0, 386 },   /* 检 */
    { 0x6A21, 387 },   /* 模 */
    { 0x6A2A, 388 },   /* 横 */
    { 0x6B21, 389 },   /* 次 */
    { 0x6B62, 390 },   /* 止 */
    { 0x6B63, 391 },   /* 正 */
    { 0x6B65, 392 },   /* 步 */
    { 0x6BB5, 393 },   /* 段 */
    { 0x6BCF, 394 },   /* 每 */
    { 0x6C42, 395 },   /* 求 */
    { 0x6C49, 396 },   /* 汉 */
    { 0x6C60, 397 },   /* 池 */
    { 0x6C7D, 398 },   /* 汽 */
    { 0x6CA1, 399 },   /* 没 */
    { 0x6CD5, 400 },   /* 法 */
    { 0x6CE2, 401 },   /* 波 */
    { 0x6CE8, 402 },   /* 注 */
    { 0x6D41, 403 },   /* 流 */
    { 0x6D4B, 404 },   /* 测 */
    { 0x6D88, 405 },   /* 消 */
    { 0x6E29, 406 },   /* 温 */
    { 0x6E32, 407 },   /* 渲 */
    { 0x6EA2, 408 },   /* 溢 */
    { 0x6EDA, 409 },   /* 滚 */
    { 0x6EE1, 410 },   /* 满 */
    { 0x6EE4, 411 },   /* 滤 */
    { 0x6F0F, 412 },   /* 漏 */
    { 0x6F14, 413 },   /* 演 */
    { 0x70B9, 414 },   /* 点 */
    { 0x7248, 415 },   /* 版 */
    { 0x7279, 416 },   /* 特 */
    { 0x72B6, 417 },   /* 状 */
    { 0x72EC, 418 },   /* 独 */
    { 0x7387, 419 },   /* 率 */
    { 0x73AF, 420 },   /* 环 */
    { 0x73B0, 421 },   /* 现 */
    { 0x751F, 422 },   /* 生 */
    { 0x7528, 423 },   /* 用 */
    { 0x7531, 424 },   /* 由 */
    { 0x7535, 425 },   /* 电 */
    { 0x753B, 426 },   /* 画 */
    { 0x754C, 427 },   /* 界 */
    { 0x7559, 428 },   /* 留 */
    { 0x7565, 429 },   /* 略 */
    { 0x75C7, 430 },   /* 症 */
    { 0x767D, 431 },   /* 白 */
    { 0x7684, 432 },   /* 的 */
    { 0x76D1, 433 },   /* 监 */
    { 0x76D6, 434 },   /* 盖 */
    { 0x76D8, 435 },   /* 盘 */
    { 0x76EE, 436 },   /* 目 */
    { 0x7701, 437 },   /* 省 */
    { 0x770B, 438 },   /* 看 */
    { 0x771F, 439 },   /* 真 */
    { 0x7740, 440 },   /* 着 */
    { 0x77E5, 441 },   /* 知 */
    { 0x7801, 442 },   /* 码 */
    { 0x786C, 443 },   /* 硬 */
    { 0x786E, 444 },   /* 确 */
    { 0x793A, 445 },   /* 示 */
    { 0x79D2, 446 },   /* 秒 */
    { 0x79EF, 447 },   /* 积 */
    { 0x79F0, 448 },   /* 称 */
    { 0x7A0B, 449 },   /* 程 */
    { 0x7A7A, 450 },   /* 空 */
    { 0x7A97, 451 },   /* 窗 */
    { 0x7AD6, 452 },   /* 竖 */
    { 0x7AEF, 453 },   /* 端 */
    { 0x7B26, 454 },   /* 符 */
    { 0x7B2C, 455 },   /* 第 */
    { 0x7B49, 456 },   /* 等 */
    { 0x7B54, 457 },   /* 答 */
    { 0x7BA1, 458 },   /* 管 */
    { 0x7C7B, 459 },   /* 类 */
    { 0x7D20, 460 },   /* 素 */
    { 0x7D2F, 461 },   /* 累 */
    { 0x7EBF, 462 },   /* 线 */
    { 0x7EC4, 463 },   /* 组 */
    { 0x7EC8, 464 },   /* 终 */
    { 0x7ECF, 465 },   /* 经 */
    { 0x7ED3, 466 },   /* 结 */
    { 0x7ED9, 467 },   /* 给 */
    { 0x7EDF, 468 },   /* 统 */
    { 0x7EE7, 469 },   /* 继 */
    { 0x7EEA, 470 },   /* 绪 */
    { 0x7EED, 471 },   /* 续 */
    { 0x7F13, 472 },   /* 缓 */
    { 0x7F16, 473 },   /* 编 */
    { 0x7F29, 474 },   /* 缩 */
    { 0x7F3A, 475 },   /* 缺 */
    { 0x7F6E, 476 },   /* 置 */
    { 0x80FD, 477 },   /* 能 */
    { 0x811A, 478 },   /* 脚 */
    { 0x81EA, 479 },   /* 自 */
    { 0x81F4, 480 },   /* 致 */
    { 0x8282, 481 },   /* 节 */
    { 0x82E5, 482 },   /* 若 */
    { 0x8350, 483 },   /* 荐 */
    { 0x8377, 484 },   /* 荷 */
    { 0x843D, 485 },   /* 落 */
    { 0x84C4, 486 },   /* 蓄 */
    { 0x865A, 487 },   /* 虚 */
    { 0x884C, 488 },   /* 行 */
    { 0x8865, 489 },   /* 补 */
    { 0x8868, 490 },   /* 表 */
    { 0x88AB, 491 },   /* 被 */
    { 0x88C1, 492 },   /* 裁 */
    { 0x8986, 493 },   /* 覆 */
    { 0x89C6, 494 },   /* 视 */
    { 0x89D2, 495 },   /* 角 */
    { 0x89E3, 496 },   /* 解 */
    { 0x89E6, 497 },   /* 触 */
    { 0x8B66, 498 },   /* 警 */
    { 0x8BA1, 499 },   /* 计 */
    { 0x8BA2, 500 },   /* 订 */
    { 0x8BA4, 501 },   /* 认 */
    { 0x8BA9, 502 },   /* 让 */
    { 0x8BAE, 503 },   /* 议 */
    { 0x8BB0, 504 },   /* 记 */
    { 0x8BB8, 505 },   /* 许 */
    { 0x8BBA, 506 },   /* 论 */
    { 0x8BBE, 507 },   /* 设 */
    { 0x8BC1, 508 },   /* 证 */
    { 0x8BC6, 509 },   /* 识 */
    { 0x8BD1, 510 },   /* 译 */
    { 0x8BD5, 511 },   /* 试 */
    { 0x8BDD, 512 },   /* 话 */
    { 0x8BE5, 513 },   /* 该 */
    { 0x8BE6, 514 },   /* 详 */
    { 0x8BED, 515 },   /* 语 */
    { 0x8BEF, 516 },   /* 误 */
    { 0x8BF4, 517 },   /* 说 */
    { 0x8BF7, 518 },   /* 请 */
    { 0x8BFB, 519 },   /* 读 */
    { 0x8C03, 520 },   /* 调 */
    { 0x8D25, 521 },   /* 败 */
    { 0x8D39, 522 },   /* 费 */
    { 0x8D70, 523 },   /* 走 */
    { 0x8D77, 524 },   /* 起 */
    { 0x8D85, 525 },   /* 超 */
    { 0x8DB3, 526 },   /* 足 */
    { 0x8DD1, 527 },   /* 跑 */
    { 0x8DEF, 528 },   /* 路 */
    { 0x8DF3, 529 },   /* 跳 */
    { 0x8F66, 530 },   /* 车 */
    { 0x8F74, 531 },   /* 轴 */
    { 0x8F7D, 532 },   /* 载 */
    { 0x8F91, 533 },   /* 辑 */
    { 0x8F93, 534 },   /* 输 */
    { 0x8FA8, 535 },   /* 辨 */
    { 0x8FC7, 536 },   /* 过 */
    { 0x8FD0, 537 },   /* 运 */
    { 0x8FD1, 538 },   /* 近 */
    { 0x8FD4, 539 },   /* 返 */
    { 0x8FD8, 540 },   /* 还 */
    { 0x8FD9, 541 },   /* 这 */
    { 0x8FDB, 542 },   /* 进 */
    { 0x9000, 543 },   /* 退 */
    { 0x9001, 544 },   /* 送 */
    { 0x9009, 545 },   /* 选 */
    { 0x9014, 546 },   /* 途 */
    { 0x901A, 547 },   /* 通 */
    { 0x903B, 548 },   /* 逻 */
    { 0x9053, 549 },   /* 道 */
    { 0x90A3, 550 },   /* 那 */
    { 0x90E8, 551 },   /* 部 */
    { 0x90FD, 552 },   /* 都 */
    { 0x914D, 553 },   /* 配 */
    { 0x91C7, 554 },   /* 采 */
    { 0x91CA, 555 },   /* 释 */
    { 0x91CC, 556 },   /* 里 */
    { 0x91CD, 557 },   /* 重 */
    { 0x91CF, 558 },   /* 量 */
    { 0x94AE, 559 },   /* 钮 */
    { 0x94FE, 560 },   /* 链 */
    { 0x9519, 561 },   /* 错 */
    { 0x955C, 562 },   /* 镜 */
    { 0x957F, 563 },   /* 长 */
    { 0x95EA, 564 },   /* 闪 */
    { 0x95ED, 565 },   /* 闭 */
    { 0x95F2, 566 },   /* 闲 */
    { 0x95F4, 567 },   /* 间 */
    { 0x9605, 568 },   /* 阅 */
    { 0x961F, 569 },   /* 队 */
    { 0x9635, 570 },   /* 阵 */
    { 0x9636, 571 },   /* 阶 */
    { 0x963B, 572 },   /* 阻 */
    { 0x9650, 573 },   /* 限 */
    { 0x9690, 574 },   /* 隐 */
    { 0x969C, 575 },   /* 障 */
    { 0x96C5, 576 },   /* 雅 */
    { 0x9700, 577 },   /* 需 */
    { 0x975E, 578 },   /* 非 */
    { 0x9762, 579 },   /* 面 */
    { 0x9875, 580 },   /* 页 */
    { 0x9879, 581 },   /* 项 */
    { 0x989D, 582 },   /* 额 */
    { 0x9A71, 583 },   /* 驱 */
    { 0x9A7B, 584 },   /* 驻 */
    { 0x9A8C, 585 },   /* 验 */
    { 0x9AD8, 586 },   /* 高 */
    { 0x9ED8, 587 },   /* 默 */
    { 0xFF08, 588 },   /* （ */
    { 0xFF09, 589 },   /* ） */
    { 0xFF0C, 590 },   /* ， */
    { 0xFF1A, 591 },   /* ： */
    { 0xFF1B, 592 },   /* ； */
};

#ifdef FONT_WITH_GBK_MAP
/** GBK 双字节码 -> 字模下标 映射项（STM32 端用，按 gbk 升序可二分查找） */
typedef struct
{
    uint16_t    gbk;         /* GBK 双字节码，高字节在前 */
    uint16_t    index;       /* 字模数组下标 */
} font_gbk_map_t;

#define FONT_GBK_COUNT  497u

static const font_gbk_map_t g_font_gbk_map[FONT_GBK_COUNT] = {
    { 0xA1A2, 104 },
    { 0xA1A3, 105 },
    { 0xA1A4, 95 },
    { 0xA1AA, 96 },
    { 0xA1AD, 97 },
    { 0xA1B8, 106 },
    { 0xA1B9, 107 },
    { 0xA1E6, 98 },
    { 0xA1EF, 102 },
    { 0xA1FA, 99 },
    { 0xA2D9, 100 },
    { 0xA2DA, 101 },
    { 0xA3A8, 588 },
    { 0xA3A9, 589 },
    { 0xA3AC, 590 },
    { 0xA3BA, 591 },
    { 0xA3BB, 592 },
    { 0xB0B4, 332 },
    { 0xB0B8, 384 },
    { 0xB0D1, 323 },
    { 0xB0D7, 431 },
    { 0xB0DC, 521 },
    { 0xB0E5, 374 },
    { 0xB0E6, 415 },
    { 0xB0EB, 196 },
    { 0xB0EC, 187 },
    { 0xB0EF, 282 },
    { 0xB0FC, 192 },
    { 0xB1A3, 150 },
    { 0xB1A8, 326 },
    { 0xB1B8, 249 },
    { 0xB1BB, 491 },
    { 0xB1BE, 368 },
    { 0xB1D5, 565 },
    { 0xB1E0, 473 },
    { 0xB1E3, 149 },
    { 0xB1E4, 213 },
    { 0xB1E6, 535 },
    { 0xB1EA, 380 },
    { 0xB1ED, 490 },
    { 0xB1F0, 181 },
    { 0xB2A2, 286 },
    { 0xB2A8, 401 },
    { 0xB2B9, 489 },
    { 0xB2BB, 111 },
    { 0xB2BD, 392 },
    { 0xB2BF, 551 },
    { 0xB2C3, 492 },
    { 0xB2C9, 554 },
    { 0xB2CE, 208 },
    { 0xB2D9, 344 },
    { 0xB2E0, 148 },
    { 0xB2E2, 404 },
    { 0xB2E3, 275 },
    { 0xB2E9, 379 },
    { 0xB2FA, 126 },
    { 0xB3A3, 283 },
    { 0xB3A4, 563 },
    { 0xB3A7, 203 },
    { 0xB3AC, 525 },
    { 0xB3B5, 530 },
    { 0xB3C6, 448 },
    { 0xB3C9, 314 },
    { 0xB3CC, 449 },
    { 0xB3D4, 221 },
    { 0xB3D6, 330 },
    { 0xB3D8, 397 },
    { 0xB3E4, 159 },
    { 0xB3E5, 170 },
    { 0xB3F6, 173 },
    { 0xB4A2, 156 },
    { 0xB4A5, 497 },
    { 0xB4A6, 248 },
    { 0xB4AB, 139 },
    { 0xB4B0, 451 },
    { 0xB4B4, 179 },
    { 0xB4CE, 389 },
    { 0xB4D3, 130 },
    { 0xB4E6, 260 },
    { 0xB4ED, 561 },
    { 0xB4F0, 457 },
    { 0xB4F2, 318 },
    { 0xB4F3, 253 },
    { 0xB4FD, 301 },
    { 0xB5A5, 198 },
    { 0xB5AB, 140 },
    { 0xB5B1, 296 },
    { 0xB5BC, 267 },
    { 0xB5BD, 182 },
    { 0xB5C0, 549 },
    { 0xB5C4, 432 },
    { 0xB5C8, 456 },
    { 0xB5CD, 142 },
    { 0xB5D8, 240 },
    { 0xB5DA, 455 },
    { 0xB5E3, 414 },
    { 0xB5E7, 425 },
    { 0xB5F4, 335 },
    { 0xB5F7, 520 },
    { 0xB6A8, 263 },
    { 0xB6A9, 500 },
    { 0xB6AA, 113 },
    { 0xB6AF, 190 },
    { 0xB6BC, 552 },
    { 0xB6C0, 418 },
    { 0xB6C1, 519 },
    { 0xB6C8, 290 },
    { 0xB6CB, 453 },
    { 0xB6CE, 393 },
    { 0xB6D3, 569 },
    { 0xB6D4, 266 },
    { 0xB6E0, 252 },
    { 0xB6EE, 582 },
    { 0xB6FB, 272 },
    { 0xB7A2, 210 },
    { 0xB7A8, 400 },
    { 0xB7B4, 209 },
    { 0xB7B5, 539 },
    { 0xB7BD, 353 },
    { 0xB7C5, 347 },
    { 0xB7C7, 578 },
    { 0xB7D1, 522 },
    { 0xB7D6, 175 },
    { 0xB7F1, 227 },
    { 0xB7FB, 454 },
    { 0xB8B2, 493 },
    { 0xB8B4, 250 },
    { 0xB8C3, 513 },
    { 0xB8C4, 346 },
    { 0xB8C7, 434 },
    { 0xB8C9, 285 },
    { 0xB8DF, 586 },
    { 0xB8E6, 230 },
    { 0xB8F1, 383 },
    { 0xB8F6, 116 },
    { 0xB8F8, 467 },
    { 0xB9A4, 278 },
    { 0xB9A6, 188 },
    { 0xB9AC, 265 },
    { 0xB9B2, 164 },
    { 0xB9B9, 375 },
    { 0xB9CA, 348 },
    { 0xB9D8, 165 },
    { 0xB9DC, 458 },
    { 0xB9E2, 161 },
    { 0xB9F6, 409 },
    { 0xB9FB, 377 },
    { 0xB9FD, 536 },
    { 0xBABA, 396 },
    { 0xBAC5, 220 },
    { 0xBAC9, 484 },
    { 0xBACB, 382 },
    { 0xBACD, 232 },
    { 0xBACE, 144 },
    { 0xBACF, 222 },
    { 0xBAE1, 388 },
    { 0xBAE3, 309 },
    { 0xBAF3, 225 },
    { 0xBAF6, 305 },
    { 0xBBA7, 316 },
    { 0xBBAD, 426 },
    { 0xBBAF, 193 },
    { 0xBBB0, 512 },
    { 0xBBB7, 420 },
    { 0xBBB9, 540 },
    { 0xBBBA, 472 },
    { 0xBBBB, 333 },
    { 0xBBD6, 310 },
    { 0xBBD8, 236 },
    { 0xBBE1, 138 },
    { 0xBBF2, 315 },
    { 0xBBF7, 174 },
    { 0xBBFA, 369 },
    { 0xBBFD, 447 },
    { 0xBCAD, 533 },
    { 0xBCB4, 201 },
    { 0xBCC6, 499 },
    { 0xBCC7, 504 },
    { 0xBCCC, 469 },
    { 0xBCD3, 189 },
    { 0xBCE0, 433 },
    { 0xBCE4, 567 },
    { 0xBCEC, 386 },
    { 0xBCF6, 483 },
    { 0xBCFE, 135 },
    { 0xBDA8, 291 },
    { 0xBDAB, 269 },
    { 0xBDBB, 125 },
    { 0xBDC5, 478 },
    { 0xBDC7, 495 },
    { 0xBDD3, 338 },
    { 0xBDD7, 571 },
    { 0xBDDA, 481 },
    { 0xBDE1, 466 },
    { 0xBDE2, 496 },
    { 0xBDE7, 427 },
    { 0xBDF6, 128 },
    { 0xBDF8, 542 },
    { 0xBDFC, 538 },
    { 0xBEAD, 465 },
    { 0xBEAF, 498 },
    { 0xBEB3, 246 },
    { 0xBEB5, 562 },
    { 0xBEB6, 300 },
    { 0xBEBB, 171 },
    { 0xBEC5, 120 },
    { 0xBECD, 274 },
    { 0xBEDD, 334 },
    { 0xBEE4, 215 },
    { 0xBFAA, 292 },
    { 0xBFB4, 438 },
    { 0xBFC9, 217 },
    { 0xBFD5, 450 },
    { 0xBFD8, 339 },
    { 0xBFDA, 214 },
    { 0xBFE2, 288 },
    { 0xBFE9, 242 },
    { 0xC0A9, 320 },
    { 0xC0AD, 327 },
    { 0xC0B4, 373 },
    { 0xC0DB, 461 },
    { 0xC0E0, 459 },
    { 0xC0EF, 556 },
    { 0xC0FA, 204 },
    { 0xC0FD, 147 },
    { 0xC1A6, 186 },
    { 0xC1B4, 560 },
    { 0xC1BD, 114 },
    { 0xC1BF, 558 },
    { 0xC1CB, 122 },
    { 0xC1D0, 177 },
    { 0xC1F4, 428 },
    { 0xC1F7, 403 },
    { 0xC2A9, 412 },
    { 0xC2B7, 528 },
    { 0xC2BC, 297 },
    { 0xC2CA, 419 },
    { 0xC2CB, 411 },
    { 0xC2D4, 429 },
    { 0xC2DB, 506 },
    { 0xC2DF, 548 },
    { 0xC2E4, 485 },
    { 0xC2EB, 442 },
    { 0xC2FA, 410 },
    { 0xC3BB, 399 },
    { 0xC3BF, 394 },
    { 0xC3E6, 579 },
    { 0xC3EB, 446 },
    { 0xC3F7, 357 },
    { 0xC3FB, 224 },
    { 0xC3FC, 231 },
    { 0xC3FE, 343 },
    { 0xC4A3, 387 },
    { 0xC4AC, 587 },
    { 0xC4BB, 284 },
    { 0xC4BF, 436 },
    { 0xC4C7, 550 },
    { 0xC4DA, 167 },
    { 0xC4DC, 477 },
    { 0xC4E2, 329 },
    { 0xC5A5, 559 },
    { 0xC5BC, 155 },
    { 0xC5C5, 336 },
    { 0xC5CC, 435 },
    { 0xC5D0, 180 },
    { 0xC5DC, 527 },
    { 0xC5E4, 553 },
    { 0xC5FA, 321 },
    { 0xC6C1, 276 },
    { 0xC6DA, 366 },
    { 0xC6E4, 166 },
    { 0xC6F0, 524 },
    { 0xC6F4, 229 },
    { 0xC6F7, 235 },
    { 0xC6FA, 294 },
    { 0xC6FB, 398 },
    { 0xC7B0, 185 },
    { 0xC7C0, 325 },
    { 0xC7D0, 176 },
    { 0xC7E9, 311 },
    { 0xC7EB, 518 },
    { 0xC7F3, 395 },
    { 0xC7F8, 194 },
    { 0xC7FA, 362 },
    { 0xC7FD, 583 },
    { 0xC8A1, 211 },
    { 0xC8A5, 207 },
    { 0xC8A8, 370 },
    { 0xC8AB, 163 },
    { 0xC8B1, 475 },
    { 0xC8B4, 202 },
    { 0xC8B7, 444 },
    { 0xC8BE, 378 },
    { 0xC8C3, 502 },
    { 0xC8CB, 127 },
    { 0xC8CE, 136 },
    { 0xC8CF, 501 },
    { 0xC8D4, 129 },
    { 0xC8D5, 355 },
    { 0xC8E7, 256 },
    { 0xC8EB, 162 },
    { 0xC8F4, 482 },
    { 0xC9C1, 564 },
    { 0xC9CC, 234 },
    { 0xC9CF, 109 },
    { 0xC9D0, 273 },
    { 0xC9D9, 271 },
    { 0xC9E4, 268 },
    { 0xC9E8, 507 },
    { 0xC9FA, 422 },
    { 0xC9FD, 195 },
    { 0xCAA1, 437 },
    { 0xCAA7, 254 },
    { 0xCAB1, 356 },
    { 0xCAB5, 264 },
    { 0xCAB6, 509 },
    { 0xCAB7, 218 },
    { 0xCAB9, 146 },
    { 0xCABC, 257 },
    { 0xCABD, 295 },
    { 0xCABE, 445 },
    { 0xCAC2, 123 },
    { 0xCAC7, 359 },
    { 0xCACD, 555 },
    { 0xCAD3, 494 },
    { 0xCAD4, 511 },
    { 0xCAD5, 345 },
    { 0xCAD6, 317 },
    { 0xCADC, 212 },
    { 0xCAE4, 534 },
    { 0xCAF8, 371 },
    { 0xCAFA, 452 },
    { 0xCAFD, 349 },
    { 0xCBA2, 184 },
    { 0xCBB5, 517 },
    { 0xCBCD, 544 },
    { 0xCBD8, 460 },
    { 0xCBF5, 474 },
    { 0xCBFB, 131 },
    { 0xCBFC, 261 },
    { 0xCCAC, 306 },
    { 0xCCBD, 337 },
    { 0xCCD7, 255 },
    { 0xCCD8, 416 },
    { 0xCCE1, 341 },
    { 0xCCE5, 143 },
    { 0xCCEE, 245 },
    { 0xCCF5, 372 },
    { 0xCCF8, 529 },
    { 0xCCFD, 228 },
    { 0xCDA3, 154 },
    { 0xCDA8, 547 },
    { 0xCDAC, 223 },
    { 0xCDB3, 468 },
    { 0xCDBC, 238 },
    { 0xCDBE, 546 },
    { 0xCDC6, 340 },
    { 0xCDCB, 543 },
    { 0xCDCF, 328 },
    { 0xCDE2, 251 },
    { 0xCDEA, 262 },
    { 0xCDFB, 365 },
    { 0xCEAA, 118 },
    { 0xCEB4, 367 },
    { 0xCEBB, 141 },
    { 0xCEC2, 406 },
    { 0xCEC4, 351 },
    { 0xCED5, 342 },
    { 0xCEDE, 354 },
    { 0xCEF3, 516 },
    { 0xCEF6, 376 },
    { 0xCFC2, 110 },
    { 0xCFC8, 160 },
    { 0xCFD0, 566 },
    { 0xCFD4, 360 },
    { 0xCFD6, 421 },
    { 0xCFDE, 573 },
    { 0xCFDF, 462 },
    { 0xCFEA, 514 },
    { 0xCFEB, 312 },
    { 0xCFEC, 233 },
    { 0xCFEE, 581 },
    { 0xCFF1, 157 },
    { 0xCFF2, 226 },
    { 0xCFFB, 405 },
    { 0xD0A1, 270 },
    { 0xD0AD, 197 },
    { 0xD0B4, 169 },
    { 0xD0C2, 352 },
    { 0xD0C4, 303 },
    { 0xD0C5, 151 },
    { 0xD0CD, 243 },
    { 0xD0CE, 298 },
    { 0xD0D0, 488 },
    { 0xD0D4, 307 },
    { 0xD0DE, 152 },
    { 0xD0E8, 577 },
    { 0xD0E9, 487 },
    { 0xD0ED, 505 },
    { 0xD0EE, 486 },
    { 0xD0F2, 287 },
    { 0xD0F7, 470 },
    { 0xD0F8, 471 },
    { 0xD1A1, 545 },
    { 0xD1AD, 302 },
    { 0xD1B9, 205 },
    { 0xD1C5, 576 },
    { 0xD1CF, 115 },
    { 0xD1DD, 413 },
    { 0xD1E9, 585 },
    { 0xD1F9, 381 },
    { 0xD2B2, 121 },
    { 0xD2B3, 580 },
    { 0xD2BB, 108 },
    { 0xD2C7, 133 },
    { 0xD2D1, 280 },
    { 0xD2D4, 132 },
    { 0xD2E2, 313 },
    { 0xD2E7, 408 },
    { 0xD2E9, 503 },
    { 0xD2EB, 510 },
    { 0xD2EC, 293 },
    { 0xD2F2, 237 },
    { 0xD2FE, 574 },
    { 0xD3A1, 200 },
    { 0xD3A6, 289 },
    { 0xD3B0, 299 },
    { 0xD3B2, 443 },
    { 0xD3B3, 358 },
    { 0xD3C3, 423 },
    { 0xD3C5, 137 },
    { 0xD3C9, 424 },
    { 0xD3D0, 364 },
    { 0xD3D2, 219 },
    { 0xD3DA, 124 },
    { 0xD3EB, 112 },
    { 0xD3EF, 515 },
    { 0xD3F2, 244 },
    { 0xD4AD, 206 },
    { 0xD4C4, 568 },
    { 0xD4CA, 158 },
    { 0xD4CB, 537 },
    { 0xD4D8, 532 },
    { 0xD4D9, 168 },
    { 0xD4DA, 239 },
    { 0xD4DD, 361 },
    { 0xD4F2, 178 },
    { 0xD4F6, 247 },
    { 0xD5B9, 277 },
    { 0xD5BC, 199 },
    { 0xD5CF, 575 },
    { 0xD5D2, 322 },
    { 0xD5E2, 541 },
    { 0xD5E6, 439 },
    { 0xD5F3, 570 },
    { 0xD5FB, 350 },
    { 0xD5FD, 391 },
    { 0xD6A1, 281 },
    { 0xD6A2, 430 },
    { 0xD6A4, 508 },
    { 0xD6AA, 441 },
    { 0xD6B4, 319 },
    { 0xD6B5, 153 },
    { 0xD6B8, 331 },
    { 0xD6B9, 390 },
    { 0xD6BB, 216 },
    { 0xD6BE, 304 },
    { 0xD6C2, 480 },
    { 0xD6C3, 476 },
    { 0xD6C6, 183 },
    { 0xD6D0, 117 },
    { 0xD6D5, 464 },
    { 0xD6D8, 557 },
    { 0xD6D9, 134 },
    { 0xD6E1, 531 },
    { 0xD6F7, 119 },
    { 0xD6FA, 191 },
    { 0xD7A2, 402 },
    { 0xD7A4, 584 },
    { 0xD7A5, 324 },
    { 0xD7B4, 417 },
    { 0xD7BC, 172 },
    { 0xD7C0, 385 },
    { 0xD7C5, 440 },
    { 0xD7D3, 258 },
    { 0xD7D4, 479 },
    { 0xD7D6, 259 },
    { 0xD7DC, 308 },
    { 0xD7DF, 523 },
    { 0xD7E3, 526 },
    { 0xD7E8, 572 },
    { 0xD7E9, 463 },
    { 0xD7EE, 363 },
    { 0xD7F3, 279 },
    { 0xD7F7, 145 },
    { 0xD7F8, 241 },
    { 0xE4D6, 407 },
};
#endif /* FONT_WITH_GBK_MAP */

#endif /* __FONT16_H */
